WARNING - 2025-12-19 03:27:18 --> [DEPRECATED] Passing lowercase HTTP method "get" is deprecated. Use uppercase HTTP method like "GET". in SYSTEMPATH\Router\RouteCollection.php on line 1026.
 1 SYSTEMPATH\Router\RouteCollection.php(1026): trigger_error('Passing lowercase HTTP method "get" is deprecated. Use uppercase HTTP method like "GET".', 16384)
 2 APPPATH\Config\Routes.php(15): CodeIgniter\Router\RouteCollection->match([...], 'login/auth', 'Login::auth')
 3 SYSTEMPATH\Router\RouteCollection.php(339): require('C:\\laragon\\www\\Project Pweb2\\app\\Config\\Routes.php')
 4 SYSTEMPATH\CLI\Console.php(41): CodeIgniter\Router\RouteCollection->loadRoutes()
 5 SYSTEMPATH\Boot.php(388): CodeIgniter\CLI\Console->run()
 6 SYSTEMPATH\Boot.php(133): CodeIgniter\Boot::runCommand(Object(CodeIgniter\CLI\Console))
 7 ROOTPATH\spark(87): CodeIgniter\Boot::bootSpark(Object(Config\Paths))
WARNING - 2025-12-19 03:27:18 --> [DEPRECATED] Passing lowercase HTTP method "post" is deprecated. Use uppercase HTTP method like "POST". in SYSTEMPATH\Router\RouteCollection.php on line 1026.
 1 SYSTEMPATH\Router\RouteCollection.php(1026): trigger_error('Passing lowercase HTTP method "post" is deprecated. Use uppercase HTTP method like "POST".', 16384)
 2 APPPATH\Config\Routes.php(15): CodeIgniter\Router\RouteCollection->match([...], 'login/auth', 'Login::auth')
 3 SYSTEMPATH\Router\RouteCollection.php(339): require('C:\\laragon\\www\\Project Pweb2\\app\\Config\\Routes.php')
 4 SYSTEMPATH\CLI\Console.php(41): CodeIgniter\Router\RouteCollection->loadRoutes()
 5 SYSTEMPATH\Boot.php(388): CodeIgniter\CLI\Console->run()
 6 SYSTEMPATH\Boot.php(133): CodeIgniter\Boot::runCommand(Object(CodeIgniter\CLI\Console))
 7 ROOTPATH\spark(87): CodeIgniter\Boot::bootSpark(Object(Config\Paths))
WARNING - 2025-12-19 03:28:00 --> [DEPRECATED] Passing lowercase HTTP method "get" is deprecated. Use uppercase HTTP method like "GET". in SYSTEMPATH\Router\RouteCollection.php on line 1026.
 1 SYSTEMPATH\Router\RouteCollection.php(1026): trigger_error('Passing lowercase HTTP method "get" is deprecated. Use uppercase HTTP method like "GET".', 16384)
 2 APPPATH\Config\Routes.php(15): CodeIgniter\Router\RouteCollection->match([...], 'login/auth', 'Login::auth')
 3 SYSTEMPATH\Router\RouteCollection.php(339): require('C:\\laragon\\www\\Project Pweb2\\app\\Config\\Routes.php')
 4 SYSTEMPATH\CodeIgniter.php(821): CodeIgniter\Router\RouteCollection->loadRoutes()
 5 SYSTEMPATH\CodeIgniter.php(455): CodeIgniter\CodeIgniter->tryToRouteIt(null)
 6 SYSTEMPATH\CodeIgniter.php(354): CodeIgniter\CodeIgniter->handleRequest(null, Object(Config\Cache), false)
 7 SYSTEMPATH\Boot.php(363): CodeIgniter\CodeIgniter->run()
 8 SYSTEMPATH\Boot.php(68): CodeIgniter\Boot::runCodeIgniter(Object(CodeIgniter\CodeIgniter))
 9 FCPATH\index.php(59): CodeIgniter\Boot::bootWeb(Object(Config\Paths))
10 SYSTEMPATH\rewrite.php(44): require_once('C:\\laragon\\www\\Project Pweb2\\public\\index.php')
WARNING - 2025-12-19 03:28:00 --> [DEPRECATED] Passing lowercase HTTP method "post" is deprecated. Use uppercase HTTP method like "POST". in SYSTEMPATH\Router\RouteCollection.php on line 1026.
 1 SYSTEMPATH\Router\RouteCollection.php(1026): trigger_error('Passing lowercase HTTP method "post" is deprecated. Use uppercase HTTP method like "POST".', 16384)
 2 APPPATH\Config\Routes.php(15): CodeIgniter\Router\RouteCollection->match([...], 'login/auth', 'Login::auth')
 3 SYSTEMPATH\Router\RouteCollection.php(339): require('C:\\laragon\\www\\Project Pweb2\\app\\Config\\Routes.php')
 4 SYSTEMPATH\CodeIgniter.php(821): CodeIgniter\Router\RouteCollection->loadRoutes()
 5 SYSTEMPATH\CodeIgniter.php(455): CodeIgniter\CodeIgniter->tryToRouteIt(null)
 6 SYSTEMPATH\CodeIgniter.php(354): CodeIgniter\CodeIgniter->handleRequest(null, Object(Config\Cache), false)
 7 SYSTEMPATH\Boot.php(363): CodeIgniter\CodeIgniter->run()
 8 SYSTEMPATH\Boot.php(68): CodeIgniter\Boot::runCodeIgniter(Object(CodeIgniter\CodeIgniter))
 9 FCPATH\index.php(59): CodeIgniter\Boot::bootWeb(Object(Config\Paths))
10 SYSTEMPATH\rewrite.php(44): require_once('C:\\laragon\\www\\Project Pweb2\\public\\index.php')
WARNING - 2025-12-19 03:28:18 --> [DEPRECATED] Passing lowercase HTTP method "get" is deprecated. Use uppercase HTTP method like "GET". in SYSTEMPATH\Router\RouteCollection.php on line 1026.
 1 SYSTEMPATH\Router\RouteCollection.php(1026): trigger_error('Passing lowercase HTTP method "get" is deprecated. Use uppercase HTTP method like "GET".', 16384)
 2 APPPATH\Config\Routes.php(15): CodeIgniter\Router\RouteCollection->match([...], 'login/auth', 'Login::auth')
 3 SYSTEMPATH\Router\RouteCollection.php(339): require('C:\\laragon\\www\\Project Pweb2\\app\\Config\\Routes.php')
 4 SYSTEMPATH\CodeIgniter.php(821): CodeIgniter\Router\RouteCollection->loadRoutes()
 5 SYSTEMPATH\CodeIgniter.php(455): CodeIgniter\CodeIgniter->tryToRouteIt(null)
 6 SYSTEMPATH\CodeIgniter.php(354): CodeIgniter\CodeIgniter->handleRequest(null, Object(Config\Cache), false)
 7 SYSTEMPATH\Boot.php(363): CodeIgniter\CodeIgniter->run()
 8 SYSTEMPATH\Boot.php(68): CodeIgniter\Boot::runCodeIgniter(Object(CodeIgniter\CodeIgniter))
 9 FCPATH\index.php(59): CodeIgniter\Boot::bootWeb(Object(Config\Paths))
10 SYSTEMPATH\rewrite.php(44): require_once('C:\\laragon\\www\\Project Pweb2\\public\\index.php')
WARNING - 2025-12-19 03:28:18 --> [DEPRECATED] Passing lowercase HTTP method "post" is deprecated. Use uppercase HTTP method like "POST". in SYSTEMPATH\Router\RouteCollection.php on line 1026.
 1 SYSTEMPATH\Router\RouteCollection.php(1026): trigger_error('Passing lowercase HTTP method "post" is deprecated. Use uppercase HTTP method like "POST".', 16384)
 2 APPPATH\Config\Routes.php(15): CodeIgniter\Router\RouteCollection->match([...], 'login/auth', 'Login::auth')
 3 SYSTEMPATH\Router\RouteCollection.php(339): require('C:\\laragon\\www\\Project Pweb2\\app\\Config\\Routes.php')
 4 SYSTEMPATH\CodeIgniter.php(821): CodeIgniter\Router\RouteCollection->loadRoutes()
 5 SYSTEMPATH\CodeIgniter.php(455): CodeIgniter\CodeIgniter->tryToRouteIt(null)
 6 SYSTEMPATH\CodeIgniter.php(354): CodeIgniter\CodeIgniter->handleRequest(null, Object(Config\Cache), false)
 7 SYSTEMPATH\Boot.php(363): CodeIgniter\CodeIgniter->run()
 8 SYSTEMPATH\Boot.php(68): CodeIgniter\Boot::runCodeIgniter(Object(CodeIgniter\CodeIgniter))
 9 FCPATH\index.php(59): CodeIgniter\Boot::bootWeb(Object(Config\Paths))
10 SYSTEMPATH\rewrite.php(44): require_once('C:\\laragon\\www\\Project Pweb2\\public\\index.php')
DEBUG - 2025-12-19 03:28:19 --> Session: Class initialized using 'CodeIgniter\Session\Handlers\FileHandler' driver.
WARNING - 2025-12-19 03:29:03 --> [DEPRECATED] Passing lowercase HTTP method "get" is deprecated. Use uppercase HTTP method like "GET". in SYSTEMPATH\Router\RouteCollection.php on line 1026.
 1 SYSTEMPATH\Router\RouteCollection.php(1026): trigger_error('Passing lowercase HTTP method "get" is deprecated. Use uppercase HTTP method like "GET".', 16384)
 2 APPPATH\Config\Routes.php(15): CodeIgniter\Router\RouteCollection->match([...], 'login/auth', 'Login::auth')
 3 SYSTEMPATH\Router\RouteCollection.php(339): require('C:\\laragon\\www\\Project Pweb2\\app\\Config\\Routes.php')
 4 SYSTEMPATH\CodeIgniter.php(821): CodeIgniter\Router\RouteCollection->loadRoutes()
 5 SYSTEMPATH\CodeIgniter.php(455): CodeIgniter\CodeIgniter->tryToRouteIt(null)
 6 SYSTEMPATH\CodeIgniter.php(354): CodeIgniter\CodeIgniter->handleRequest(null, Object(Config\Cache), false)
 7 SYSTEMPATH\Boot.php(363): CodeIgniter\CodeIgniter->run()
 8 SYSTEMPATH\Boot.php(68): CodeIgniter\Boot::runCodeIgniter(Object(CodeIgniter\CodeIgniter))
 9 FCPATH\index.php(59): CodeIgniter\Boot::bootWeb(Object(Config\Paths))
10 SYSTEMPATH\rewrite.php(44): require_once('C:\\laragon\\www\\Project Pweb2\\public\\index.php')
WARNING - 2025-12-19 03:29:03 --> [DEPRECATED] Passing lowercase HTTP method "post" is deprecated. Use uppercase HTTP method like "POST". in SYSTEMPATH\Router\RouteCollection.php on line 1026.
 1 SYSTEMPATH\Router\RouteCollection.php(1026): trigger_error('Passing lowercase HTTP method "post" is deprecated. Use uppercase HTTP method like "POST".', 16384)
 2 APPPATH\Config\Routes.php(15): CodeIgniter\Router\RouteCollection->match([...], 'login/auth', 'Login::auth')
 3 SYSTEMPATH\Router\RouteCollection.php(339): require('C:\\laragon\\www\\Project Pweb2\\app\\Config\\Routes.php')
 4 SYSTEMPATH\CodeIgniter.php(821): CodeIgniter\Router\RouteCollection->loadRoutes()
 5 SYSTEMPATH\CodeIgniter.php(455): CodeIgniter\CodeIgniter->tryToRouteIt(null)
 6 SYSTEMPATH\CodeIgniter.php(354): CodeIgniter\CodeIgniter->handleRequest(null, Object(Config\Cache), false)
 7 SYSTEMPATH\Boot.php(363): CodeIgniter\CodeIgniter->run()
 8 SYSTEMPATH\Boot.php(68): CodeIgniter\Boot::runCodeIgniter(Object(CodeIgniter\CodeIgniter))
 9 FCPATH\index.php(59): CodeIgniter\Boot::bootWeb(Object(Config\Paths))
10 SYSTEMPATH\rewrite.php(44): require_once('C:\\laragon\\www\\Project Pweb2\\public\\index.php')
DEBUG - 2025-12-19 03:29:03 --> Session: Class initialized using 'CodeIgniter\Session\Handlers\FileHandler' driver.
WARNING - 2025-12-19 03:29:05 --> [DEPRECATED] Passing lowercase HTTP method "get" is deprecated. Use uppercase HTTP method like "GET". in SYSTEMPATH\Router\RouteCollection.php on line 1026.
 1 SYSTEMPATH\Router\RouteCollection.php(1026): trigger_error('Passing lowercase HTTP method "get" is deprecated. Use uppercase HTTP method like "GET".', 16384)
 2 APPPATH\Config\Routes.php(15): CodeIgniter\Router\RouteCollection->match([...], 'login/auth', 'Login::auth')
 3 SYSTEMPATH\Router\RouteCollection.php(339): require('C:\\laragon\\www\\Project Pweb2\\app\\Config\\Routes.php')
 4 SYSTEMPATH\CodeIgniter.php(821): CodeIgniter\Router\RouteCollection->loadRoutes()
 5 SYSTEMPATH\CodeIgniter.php(455): CodeIgniter\CodeIgniter->tryToRouteIt(null)
 6 SYSTEMPATH\CodeIgniter.php(354): CodeIgniter\CodeIgniter->handleRequest(null, Object(Config\Cache), false)
 7 SYSTEMPATH\Boot.php(363): CodeIgniter\CodeIgniter->run()
 8 SYSTEMPATH\Boot.php(68): CodeIgniter\Boot::runCodeIgniter(Object(CodeIgniter\CodeIgniter))
 9 FCPATH\index.php(59): CodeIgniter\Boot::bootWeb(Object(Config\Paths))
10 SYSTEMPATH\rewrite.php(44): require_once('C:\\laragon\\www\\Project Pweb2\\public\\index.php')
WARNING - 2025-12-19 03:29:05 --> [DEPRECATED] Passing lowercase HTTP method "post" is deprecated. Use uppercase HTTP method like "POST". in SYSTEMPATH\Router\RouteCollection.php on line 1026.
 1 SYSTEMPATH\Router\RouteCollection.php(1026): trigger_error('Passing lowercase HTTP method "post" is deprecated. Use uppercase HTTP method like "POST".', 16384)
 2 APPPATH\Config\Routes.php(15): CodeIgniter\Router\RouteCollection->match([...], 'login/auth', 'Login::auth')
 3 SYSTEMPATH\Router\RouteCollection.php(339): require('C:\\laragon\\www\\Project Pweb2\\app\\Config\\Routes.php')
 4 SYSTEMPATH\CodeIgniter.php(821): CodeIgniter\Router\RouteCollection->loadRoutes()
 5 SYSTEMPATH\CodeIgniter.php(455): CodeIgniter\CodeIgniter->tryToRouteIt(null)
 6 SYSTEMPATH\CodeIgniter.php(354): CodeIgniter\CodeIgniter->handleRequest(null, Object(Config\Cache), false)
 7 SYSTEMPATH\Boot.php(363): CodeIgniter\CodeIgniter->run()
 8 SYSTEMPATH\Boot.php(68): CodeIgniter\Boot::runCodeIgniter(Object(CodeIgniter\CodeIgniter))
 9 FCPATH\index.php(59): CodeIgniter\Boot::bootWeb(Object(Config\Paths))
10 SYSTEMPATH\rewrite.php(44): require_once('C:\\laragon\\www\\Project Pweb2\\public\\index.php')
DEBUG - 2025-12-19 03:29:05 --> Session: Class initialized using 'CodeIgniter\Session\Handlers\FileHandler' driver.
WARNING - 2025-12-19 03:29:29 --> [DEPRECATED] Passing lowercase HTTP method "get" is deprecated. Use uppercase HTTP method like "GET". in SYSTEMPATH\Router\RouteCollection.php on line 1026.
 1 SYSTEMPATH\Router\RouteCollection.php(1026): trigger_error('Passing lowercase HTTP method "get" is deprecated. Use uppercase HTTP method like "GET".', 16384)
 2 APPPATH\Config\Routes.php(15): CodeIgniter\Router\RouteCollection->match([...], 'login/auth', 'Login::auth')
 3 SYSTEMPATH\Router\RouteCollection.php(339): require('C:\\laragon\\www\\Project Pweb2\\app\\Config\\Routes.php')
 4 SYSTEMPATH\CodeIgniter.php(821): CodeIgniter\Router\RouteCollection->loadRoutes()
 5 SYSTEMPATH\CodeIgniter.php(455): CodeIgniter\CodeIgniter->tryToRouteIt(null)
 6 SYSTEMPATH\CodeIgniter.php(354): CodeIgniter\CodeIgniter->handleRequest(null, Object(Config\Cache), false)
 7 SYSTEMPATH\Boot.php(363): CodeIgniter\CodeIgniter->run()
 8 SYSTEMPATH\Boot.php(68): CodeIgniter\Boot::runCodeIgniter(Object(CodeIgniter\CodeIgniter))
 9 FCPATH\index.php(59): CodeIgniter\Boot::bootWeb(Object(Config\Paths))
10 SYSTEMPATH\rewrite.php(44): require_once('C:\\laragon\\www\\Project Pweb2\\public\\index.php')
WARNING - 2025-12-19 03:29:29 --> [DEPRECATED] Passing lowercase HTTP method "post" is deprecated. Use uppercase HTTP method like "POST". in SYSTEMPATH\Router\RouteCollection.php on line 1026.
 1 SYSTEMPATH\Router\RouteCollection.php(1026): trigger_error('Passing lowercase HTTP method "post" is deprecated. Use uppercase HTTP method like "POST".', 16384)
 2 APPPATH\Config\Routes.php(15): CodeIgniter\Router\RouteCollection->match([...], 'login/auth', 'Login::auth')
 3 SYSTEMPATH\Router\RouteCollection.php(339): require('C:\\laragon\\www\\Project Pweb2\\app\\Config\\Routes.php')
 4 SYSTEMPATH\CodeIgniter.php(821): CodeIgniter\Router\RouteCollection->loadRoutes()
 5 SYSTEMPATH\CodeIgniter.php(455): CodeIgniter\CodeIgniter->tryToRouteIt(null)
 6 SYSTEMPATH\CodeIgniter.php(354): CodeIgniter\CodeIgniter->handleRequest(null, Object(Config\Cache), false)
 7 SYSTEMPATH\Boot.php(363): CodeIgniter\CodeIgniter->run()
 8 SYSTEMPATH\Boot.php(68): CodeIgniter\Boot::runCodeIgniter(Object(CodeIgniter\CodeIgniter))
 9 FCPATH\index.php(59): CodeIgniter\Boot::bootWeb(Object(Config\Paths))
10 SYSTEMPATH\rewrite.php(44): require_once('C:\\laragon\\www\\Project Pweb2\\public\\index.php')
DEBUG - 2025-12-19 03:29:29 --> Session: Class initialized using 'CodeIgniter\Session\Handlers\FileHandler' driver.
WARNING - 2025-12-19 03:29:30 --> [DEPRECATED] Passing lowercase HTTP method "get" is deprecated. Use uppercase HTTP method like "GET". in SYSTEMPATH\Router\RouteCollection.php on line 1026.
 1 SYSTEMPATH\Router\RouteCollection.php(1026): trigger_error('Passing lowercase HTTP method "get" is deprecated. Use uppercase HTTP method like "GET".', 16384)
 2 APPPATH\Config\Routes.php(15): CodeIgniter\Router\RouteCollection->match([...], 'login/auth', 'Login::auth')
 3 SYSTEMPATH\Router\RouteCollection.php(339): require('C:\\laragon\\www\\Project Pweb2\\app\\Config\\Routes.php')
 4 SYSTEMPATH\CodeIgniter.php(821): CodeIgniter\Router\RouteCollection->loadRoutes()
 5 SYSTEMPATH\CodeIgniter.php(455): CodeIgniter\CodeIgniter->tryToRouteIt(null)
 6 SYSTEMPATH\CodeIgniter.php(354): CodeIgniter\CodeIgniter->handleRequest(null, Object(Config\Cache), false)
 7 SYSTEMPATH\Boot.php(363): CodeIgniter\CodeIgniter->run()
 8 SYSTEMPATH\Boot.php(68): CodeIgniter\Boot::runCodeIgniter(Object(CodeIgniter\CodeIgniter))
 9 FCPATH\index.php(59): CodeIgniter\Boot::bootWeb(Object(Config\Paths))
10 SYSTEMPATH\rewrite.php(44): require_once('C:\\laragon\\www\\Project Pweb2\\public\\index.php')
WARNING - 2025-12-19 03:29:30 --> [DEPRECATED] Passing lowercase HTTP method "post" is deprecated. Use uppercase HTTP method like "POST". in SYSTEMPATH\Router\RouteCollection.php on line 1026.
 1 SYSTEMPATH\Router\RouteCollection.php(1026): trigger_error('Passing lowercase HTTP method "post" is deprecated. Use uppercase HTTP method like "POST".', 16384)
 2 APPPATH\Config\Routes.php(15): CodeIgniter\Router\RouteCollection->match([...], 'login/auth', 'Login::auth')
 3 SYSTEMPATH\Router\RouteCollection.php(339): require('C:\\laragon\\www\\Project Pweb2\\app\\Config\\Routes.php')
 4 SYSTEMPATH\CodeIgniter.php(821): CodeIgniter\Router\RouteCollection->loadRoutes()
 5 SYSTEMPATH\CodeIgniter.php(455): CodeIgniter\CodeIgniter->tryToRouteIt(null)
 6 SYSTEMPATH\CodeIgniter.php(354): CodeIgniter\CodeIgniter->handleRequest(null, Object(Config\Cache), false)
 7 SYSTEMPATH\Boot.php(363): CodeIgniter\CodeIgniter->run()
 8 SYSTEMPATH\Boot.php(68): CodeIgniter\Boot::runCodeIgniter(Object(CodeIgniter\CodeIgniter))
 9 FCPATH\index.php(59): CodeIgniter\Boot::bootWeb(Object(Config\Paths))
10 SYSTEMPATH\rewrite.php(44): require_once('C:\\laragon\\www\\Project Pweb2\\public\\index.php')
DEBUG - 2025-12-19 03:29:31 --> Session: Class initialized using 'CodeIgniter\Session\Handlers\FileHandler' driver.
WARNING - 2025-12-19 03:29:32 --> [DEPRECATED] Passing lowercase HTTP method "get" is deprecated. Use uppercase HTTP method like "GET". in SYSTEMPATH\Router\RouteCollection.php on line 1026.
 1 SYSTEMPATH\Router\RouteCollection.php(1026): trigger_error('Passing lowercase HTTP method "get" is deprecated. Use uppercase HTTP method like "GET".', 16384)
 2 APPPATH\Config\Routes.php(15): CodeIgniter\Router\RouteCollection->match([...], 'login/auth', 'Login::auth')
 3 SYSTEMPATH\Router\RouteCollection.php(339): require('C:\\laragon\\www\\Project Pweb2\\app\\Config\\Routes.php')
 4 SYSTEMPATH\CodeIgniter.php(821): CodeIgniter\Router\RouteCollection->loadRoutes()
 5 SYSTEMPATH\CodeIgniter.php(455): CodeIgniter\CodeIgniter->tryToRouteIt(null)
 6 SYSTEMPATH\CodeIgniter.php(354): CodeIgniter\CodeIgniter->handleRequest(null, Object(Config\Cache), false)
 7 SYSTEMPATH\Boot.php(363): CodeIgniter\CodeIgniter->run()
 8 SYSTEMPATH\Boot.php(68): CodeIgniter\Boot::runCodeIgniter(Object(CodeIgniter\CodeIgniter))
 9 FCPATH\index.php(59): CodeIgniter\Boot::bootWeb(Object(Config\Paths))
10 SYSTEMPATH\rewrite.php(44): require_once('C:\\laragon\\www\\Project Pweb2\\public\\index.php')
WARNING - 2025-12-19 03:29:32 --> [DEPRECATED] Passing lowercase HTTP method "post" is deprecated. Use uppercase HTTP method like "POST". in SYSTEMPATH\Router\RouteCollection.php on line 1026.
 1 SYSTEMPATH\Router\RouteCollection.php(1026): trigger_error('Passing lowercase HTTP method "post" is deprecated. Use uppercase HTTP method like "POST".', 16384)
 2 APPPATH\Config\Routes.php(15): CodeIgniter\Router\RouteCollection->match([...], 'login/auth', 'Login::auth')
 3 SYSTEMPATH\Router\RouteCollection.php(339): require('C:\\laragon\\www\\Project Pweb2\\app\\Config\\Routes.php')
 4 SYSTEMPATH\CodeIgniter.php(821): CodeIgniter\Router\RouteCollection->loadRoutes()
 5 SYSTEMPATH\CodeIgniter.php(455): CodeIgniter\CodeIgniter->tryToRouteIt(null)
 6 SYSTEMPATH\CodeIgniter.php(354): CodeIgniter\CodeIgniter->handleRequest(null, Object(Config\Cache), false)
 7 SYSTEMPATH\Boot.php(363): CodeIgniter\CodeIgniter->run()
 8 SYSTEMPATH\Boot.php(68): CodeIgniter\Boot::runCodeIgniter(Object(CodeIgniter\CodeIgniter))
 9 FCPATH\index.php(59): CodeIgniter\Boot::bootWeb(Object(Config\Paths))
10 SYSTEMPATH\rewrite.php(44): require_once('C:\\laragon\\www\\Project Pweb2\\public\\index.php')
WARNING - 2025-12-19 03:29:38 --> [DEPRECATED] Passing lowercase HTTP method "get" is deprecated. Use uppercase HTTP method like "GET". in SYSTEMPATH\Router\RouteCollection.php on line 1026.
 1 SYSTEMPATH\Router\RouteCollection.php(1026): trigger_error('Passing lowercase HTTP method "get" is deprecated. Use uppercase HTTP method like "GET".', 16384)
 2 APPPATH\Config\Routes.php(15): CodeIgniter\Router\RouteCollection->match([...], 'login/auth', 'Login::auth')
 3 SYSTEMPATH\Router\RouteCollection.php(339): require('C:\\laragon\\www\\Project Pweb2\\app\\Config\\Routes.php')
 4 SYSTEMPATH\CodeIgniter.php(821): CodeIgniter\Router\RouteCollection->loadRoutes()
 5 SYSTEMPATH\CodeIgniter.php(455): CodeIgniter\CodeIgniter->tryToRouteIt(null)
 6 SYSTEMPATH\CodeIgniter.php(354): CodeIgniter\CodeIgniter->handleRequest(null, Object(Config\Cache), false)
 7 SYSTEMPATH\Boot.php(363): CodeIgniter\CodeIgniter->run()
 8 SYSTEMPATH\Boot.php(68): CodeIgniter\Boot::runCodeIgniter(Object(CodeIgniter\CodeIgniter))
 9 FCPATH\index.php(59): CodeIgniter\Boot::bootWeb(Object(Config\Paths))
10 SYSTEMPATH\rewrite.php(44): require_once('C:\\laragon\\www\\Project Pweb2\\public\\index.php')
WARNING - 2025-12-19 03:29:38 --> [DEPRECATED] Passing lowercase HTTP method "post" is deprecated. Use uppercase HTTP method like "POST". in SYSTEMPATH\Router\RouteCollection.php on line 1026.
 1 SYSTEMPATH\Router\RouteCollection.php(1026): trigger_error('Passing lowercase HTTP method "post" is deprecated. Use uppercase HTTP method like "POST".', 16384)
 2 APPPATH\Config\Routes.php(15): CodeIgniter\Router\RouteCollection->match([...], 'login/auth', 'Login::auth')
 3 SYSTEMPATH\Router\RouteCollection.php(339): require('C:\\laragon\\www\\Project Pweb2\\app\\Config\\Routes.php')
 4 SYSTEMPATH\CodeIgniter.php(821): CodeIgniter\Router\RouteCollection->loadRoutes()
 5 SYSTEMPATH\CodeIgniter.php(455): CodeIgniter\CodeIgniter->tryToRouteIt(null)
 6 SYSTEMPATH\CodeIgniter.php(354): CodeIgniter\CodeIgniter->handleRequest(null, Object(Config\Cache), false)
 7 SYSTEMPATH\Boot.php(363): CodeIgniter\CodeIgniter->run()
 8 SYSTEMPATH\Boot.php(68): CodeIgniter\Boot::runCodeIgniter(Object(CodeIgniter\CodeIgniter))
 9 FCPATH\index.php(59): CodeIgniter\Boot::bootWeb(Object(Config\Paths))
10 SYSTEMPATH\rewrite.php(44): require_once('C:\\laragon\\www\\Project Pweb2\\public\\index.php')
DEBUG - 2025-12-19 03:29:38 --> Session: Class initialized using 'CodeIgniter\Session\Handlers\FileHandler' driver.
WARNING - 2025-12-19 03:29:39 --> [DEPRECATED] Passing lowercase HTTP method "get" is deprecated. Use uppercase HTTP method like "GET". in SYSTEMPATH\Router\RouteCollection.php on line 1026.
 1 SYSTEMPATH\Router\RouteCollection.php(1026): trigger_error('Passing lowercase HTTP method "get" is deprecated. Use uppercase HTTP method like "GET".', 16384)
 2 APPPATH\Config\Routes.php(15): CodeIgniter\Router\RouteCollection->match([...], 'login/auth', 'Login::auth')
 3 SYSTEMPATH\Router\RouteCollection.php(339): require('C:\\laragon\\www\\Project Pweb2\\app\\Config\\Routes.php')
 4 SYSTEMPATH\CodeIgniter.php(821): CodeIgniter\Router\RouteCollection->loadRoutes()
 5 SYSTEMPATH\CodeIgniter.php(455): CodeIgniter\CodeIgniter->tryToRouteIt(null)
 6 SYSTEMPATH\CodeIgniter.php(354): CodeIgniter\CodeIgniter->handleRequest(null, Object(Config\Cache), false)
 7 SYSTEMPATH\Boot.php(363): CodeIgniter\CodeIgniter->run()
 8 SYSTEMPATH\Boot.php(68): CodeIgniter\Boot::runCodeIgniter(Object(CodeIgniter\CodeIgniter))
 9 FCPATH\index.php(59): CodeIgniter\Boot::bootWeb(Object(Config\Paths))
10 SYSTEMPATH\rewrite.php(44): require_once('C:\\laragon\\www\\Project Pweb2\\public\\index.php')
WARNING - 2025-12-19 03:29:39 --> [DEPRECATED] Passing lowercase HTTP method "post" is deprecated. Use uppercase HTTP method like "POST". in SYSTEMPATH\Router\RouteCollection.php on line 1026.
 1 SYSTEMPATH\Router\RouteCollection.php(1026): trigger_error('Passing lowercase HTTP method "post" is deprecated. Use uppercase HTTP method like "POST".', 16384)
 2 APPPATH\Config\Routes.php(15): CodeIgniter\Router\RouteCollection->match([...], 'login/auth', 'Login::auth')
 3 SYSTEMPATH\Router\RouteCollection.php(339): require('C:\\laragon\\www\\Project Pweb2\\app\\Config\\Routes.php')
 4 SYSTEMPATH\CodeIgniter.php(821): CodeIgniter\Router\RouteCollection->loadRoutes()
 5 SYSTEMPATH\CodeIgniter.php(455): CodeIgniter\CodeIgniter->tryToRouteIt(null)
 6 SYSTEMPATH\CodeIgniter.php(354): CodeIgniter\CodeIgniter->handleRequest(null, Object(Config\Cache), false)
 7 SYSTEMPATH\Boot.php(363): CodeIgniter\CodeIgniter->run()
 8 SYSTEMPATH\Boot.php(68): CodeIgniter\Boot::runCodeIgniter(Object(CodeIgniter\CodeIgniter))
 9 FCPATH\index.php(59): CodeIgniter\Boot::bootWeb(Object(Config\Paths))
10 SYSTEMPATH\rewrite.php(44): require_once('C:\\laragon\\www\\Project Pweb2\\public\\index.php')
WARNING - 2025-12-19 03:29:42 --> [DEPRECATED] Passing lowercase HTTP method "get" is deprecated. Use uppercase HTTP method like "GET". in SYSTEMPATH\Router\RouteCollection.php on line 1026.
 1 SYSTEMPATH\Router\RouteCollection.php(1026): trigger_error('Passing lowercase HTTP method "get" is deprecated. Use uppercase HTTP method like "GET".', 16384)
 2 APPPATH\Config\Routes.php(15): CodeIgniter\Router\RouteCollection->match([...], 'login/auth', 'Login::auth')
 3 SYSTEMPATH\Router\RouteCollection.php(339): require('C:\\laragon\\www\\Project Pweb2\\app\\Config\\Routes.php')
 4 SYSTEMPATH\CodeIgniter.php(821): CodeIgniter\Router\RouteCollection->loadRoutes()
 5 SYSTEMPATH\CodeIgniter.php(455): CodeIgniter\CodeIgniter->tryToRouteIt(null)
 6 SYSTEMPATH\CodeIgniter.php(354): CodeIgniter\CodeIgniter->handleRequest(null, Object(Config\Cache), false)
 7 SYSTEMPATH\Boot.php(363): CodeIgniter\CodeIgniter->run()
 8 SYSTEMPATH\Boot.php(68): CodeIgniter\Boot::runCodeIgniter(Object(CodeIgniter\CodeIgniter))
 9 FCPATH\index.php(59): CodeIgniter\Boot::bootWeb(Object(Config\Paths))
10 SYSTEMPATH\rewrite.php(44): require_once('C:\\laragon\\www\\Project Pweb2\\public\\index.php')
WARNING - 2025-12-19 03:29:42 --> [DEPRECATED] Passing lowercase HTTP method "post" is deprecated. Use uppercase HTTP method like "POST". in SYSTEMPATH\Router\RouteCollection.php on line 1026.
 1 SYSTEMPATH\Router\RouteCollection.php(1026): trigger_error('Passing lowercase HTTP method "post" is deprecated. Use uppercase HTTP method like "POST".', 16384)
 2 APPPATH\Config\Routes.php(15): CodeIgniter\Router\RouteCollection->match([...], 'login/auth', 'Login::auth')
 3 SYSTEMPATH\Router\RouteCollection.php(339): require('C:\\laragon\\www\\Project Pweb2\\app\\Config\\Routes.php')
 4 SYSTEMPATH\CodeIgniter.php(821): CodeIgniter\Router\RouteCollection->loadRoutes()
 5 SYSTEMPATH\CodeIgniter.php(455): CodeIgniter\CodeIgniter->tryToRouteIt(null)
 6 SYSTEMPATH\CodeIgniter.php(354): CodeIgniter\CodeIgniter->handleRequest(null, Object(Config\Cache), false)
 7 SYSTEMPATH\Boot.php(363): CodeIgniter\CodeIgniter->run()
 8 SYSTEMPATH\Boot.php(68): CodeIgniter\Boot::runCodeIgniter(Object(CodeIgniter\CodeIgniter))
 9 FCPATH\index.php(59): CodeIgniter\Boot::bootWeb(Object(Config\Paths))
10 SYSTEMPATH\rewrite.php(44): require_once('C:\\laragon\\www\\Project Pweb2\\public\\index.php')
DEBUG - 2025-12-19 03:29:42 --> Session: Class initialized using 'CodeIgniter\Session\Handlers\FileHandler' driver.
WARNING - 2025-12-19 03:29:43 --> [DEPRECATED] Passing lowercase HTTP method "get" is deprecated. Use uppercase HTTP method like "GET". in SYSTEMPATH\Router\RouteCollection.php on line 1026.
 1 SYSTEMPATH\Router\RouteCollection.php(1026): trigger_error('Passing lowercase HTTP method "get" is deprecated. Use uppercase HTTP method like "GET".', 16384)
 2 APPPATH\Config\Routes.php(15): CodeIgniter\Router\RouteCollection->match([...], 'login/auth', 'Login::auth')
 3 SYSTEMPATH\Router\RouteCollection.php(339): require('C:\\laragon\\www\\Project Pweb2\\app\\Config\\Routes.php')
 4 SYSTEMPATH\CodeIgniter.php(821): CodeIgniter\Router\RouteCollection->loadRoutes()
 5 SYSTEMPATH\CodeIgniter.php(455): CodeIgniter\CodeIgniter->tryToRouteIt(null)
 6 SYSTEMPATH\CodeIgniter.php(354): CodeIgniter\CodeIgniter->handleRequest(null, Object(Config\Cache), false)
 7 SYSTEMPATH\Boot.php(363): CodeIgniter\CodeIgniter->run()
 8 SYSTEMPATH\Boot.php(68): CodeIgniter\Boot::runCodeIgniter(Object(CodeIgniter\CodeIgniter))
 9 FCPATH\index.php(59): CodeIgniter\Boot::bootWeb(Object(Config\Paths))
10 SYSTEMPATH\rewrite.php(44): require_once('C:\\laragon\\www\\Project Pweb2\\public\\index.php')
WARNING - 2025-12-19 03:29:43 --> [DEPRECATED] Passing lowercase HTTP method "post" is deprecated. Use uppercase HTTP method like "POST". in SYSTEMPATH\Router\RouteCollection.php on line 1026.
 1 SYSTEMPATH\Router\RouteCollection.php(1026): trigger_error('Passing lowercase HTTP method "post" is deprecated. Use uppercase HTTP method like "POST".', 16384)
 2 APPPATH\Config\Routes.php(15): CodeIgniter\Router\RouteCollection->match([...], 'login/auth', 'Login::auth')
 3 SYSTEMPATH\Router\RouteCollection.php(339): require('C:\\laragon\\www\\Project Pweb2\\app\\Config\\Routes.php')
 4 SYSTEMPATH\CodeIgniter.php(821): CodeIgniter\Router\RouteCollection->loadRoutes()
 5 SYSTEMPATH\CodeIgniter.php(455): CodeIgniter\CodeIgniter->tryToRouteIt(null)
 6 SYSTEMPATH\CodeIgniter.php(354): CodeIgniter\CodeIgniter->handleRequest(null, Object(Config\Cache), false)
 7 SYSTEMPATH\Boot.php(363): CodeIgniter\CodeIgniter->run()
 8 SYSTEMPATH\Boot.php(68): CodeIgniter\Boot::runCodeIgniter(Object(CodeIgniter\CodeIgniter))
 9 FCPATH\index.php(59): CodeIgniter\Boot::bootWeb(Object(Config\Paths))
10 SYSTEMPATH\rewrite.php(44): require_once('C:\\laragon\\www\\Project Pweb2\\public\\index.php')
WARNING - 2025-12-19 03:29:45 --> [DEPRECATED] Passing lowercase HTTP method "get" is deprecated. Use uppercase HTTP method like "GET". in SYSTEMPATH\Router\RouteCollection.php on line 1026.
 1 SYSTEMPATH\Router\RouteCollection.php(1026): trigger_error('Passing lowercase HTTP method "get" is deprecated. Use uppercase HTTP method like "GET".', 16384)
 2 APPPATH\Config\Routes.php(15): CodeIgniter\Router\RouteCollection->match([...], 'login/auth', 'Login::auth')
 3 SYSTEMPATH\Router\RouteCollection.php(339): require('C:\\laragon\\www\\Project Pweb2\\app\\Config\\Routes.php')
 4 SYSTEMPATH\CodeIgniter.php(821): CodeIgniter\Router\RouteCollection->loadRoutes()
 5 SYSTEMPATH\CodeIgniter.php(455): CodeIgniter\CodeIgniter->tryToRouteIt(null)
 6 SYSTEMPATH\CodeIgniter.php(354): CodeIgniter\CodeIgniter->handleRequest(null, Object(Config\Cache), false)
 7 SYSTEMPATH\Boot.php(363): CodeIgniter\CodeIgniter->run()
 8 SYSTEMPATH\Boot.php(68): CodeIgniter\Boot::runCodeIgniter(Object(CodeIgniter\CodeIgniter))
 9 FCPATH\index.php(59): CodeIgniter\Boot::bootWeb(Object(Config\Paths))
10 SYSTEMPATH\rewrite.php(44): require_once('C:\\laragon\\www\\Project Pweb2\\public\\index.php')
WARNING - 2025-12-19 03:29:45 --> [DEPRECATED] Passing lowercase HTTP method "post" is deprecated. Use uppercase HTTP method like "POST". in SYSTEMPATH\Router\RouteCollection.php on line 1026.
 1 SYSTEMPATH\Router\RouteCollection.php(1026): trigger_error('Passing lowercase HTTP method "post" is deprecated. Use uppercase HTTP method like "POST".', 16384)
 2 APPPATH\Config\Routes.php(15): CodeIgniter\Router\RouteCollection->match([...], 'login/auth', 'Login::auth')
 3 SYSTEMPATH\Router\RouteCollection.php(339): require('C:\\laragon\\www\\Project Pweb2\\app\\Config\\Routes.php')
 4 SYSTEMPATH\CodeIgniter.php(821): CodeIgniter\Router\RouteCollection->loadRoutes()
 5 SYSTEMPATH\CodeIgniter.php(455): CodeIgniter\CodeIgniter->tryToRouteIt(null)
 6 SYSTEMPATH\CodeIgniter.php(354): CodeIgniter\CodeIgniter->handleRequest(null, Object(Config\Cache), false)
 7 SYSTEMPATH\Boot.php(363): CodeIgniter\CodeIgniter->run()
 8 SYSTEMPATH\Boot.php(68): CodeIgniter\Boot::runCodeIgniter(Object(CodeIgniter\CodeIgniter))
 9 FCPATH\index.php(59): CodeIgniter\Boot::bootWeb(Object(Config\Paths))
10 SYSTEMPATH\rewrite.php(44): require_once('C:\\laragon\\www\\Project Pweb2\\public\\index.php')
DEBUG - 2025-12-19 03:29:45 --> Session: Class initialized using 'CodeIgniter\Session\Handlers\FileHandler' driver.
WARNING - 2025-12-19 03:29:47 --> [DEPRECATED] Passing lowercase HTTP method "get" is deprecated. Use uppercase HTTP method like "GET". in SYSTEMPATH\Router\RouteCollection.php on line 1026.
 1 SYSTEMPATH\Router\RouteCollection.php(1026): trigger_error('Passing lowercase HTTP method "get" is deprecated. Use uppercase HTTP method like "GET".', 16384)
 2 APPPATH\Config\Routes.php(15): CodeIgniter\Router\RouteCollection->match([...], 'login/auth', 'Login::auth')
 3 SYSTEMPATH\Router\RouteCollection.php(339): require('C:\\laragon\\www\\Project Pweb2\\app\\Config\\Routes.php')
 4 SYSTEMPATH\CodeIgniter.php(821): CodeIgniter\Router\RouteCollection->loadRoutes()
 5 SYSTEMPATH\CodeIgniter.php(455): CodeIgniter\CodeIgniter->tryToRouteIt(null)
 6 SYSTEMPATH\CodeIgniter.php(354): CodeIgniter\CodeIgniter->handleRequest(null, Object(Config\Cache), false)
 7 SYSTEMPATH\Boot.php(363): CodeIgniter\CodeIgniter->run()
 8 SYSTEMPATH\Boot.php(68): CodeIgniter\Boot::runCodeIgniter(Object(CodeIgniter\CodeIgniter))
 9 FCPATH\index.php(59): CodeIgniter\Boot::bootWeb(Object(Config\Paths))
10 SYSTEMPATH\rewrite.php(44): require_once('C:\\laragon\\www\\Project Pweb2\\public\\index.php')
WARNING - 2025-12-19 03:29:47 --> [DEPRECATED] Passing lowercase HTTP method "post" is deprecated. Use uppercase HTTP method like "POST". in SYSTEMPATH\Router\RouteCollection.php on line 1026.
 1 SYSTEMPATH\Router\RouteCollection.php(1026): trigger_error('Passing lowercase HTTP method "post" is deprecated. Use uppercase HTTP method like "POST".', 16384)
 2 APPPATH\Config\Routes.php(15): CodeIgniter\Router\RouteCollection->match([...], 'login/auth', 'Login::auth')
 3 SYSTEMPATH\Router\RouteCollection.php(339): require('C:\\laragon\\www\\Project Pweb2\\app\\Config\\Routes.php')
 4 SYSTEMPATH\CodeIgniter.php(821): CodeIgniter\Router\RouteCollection->loadRoutes()
 5 SYSTEMPATH\CodeIgniter.php(455): CodeIgniter\CodeIgniter->tryToRouteIt(null)
 6 SYSTEMPATH\CodeIgniter.php(354): CodeIgniter\CodeIgniter->handleRequest(null, Object(Config\Cache), false)
 7 SYSTEMPATH\Boot.php(363): CodeIgniter\CodeIgniter->run()
 8 SYSTEMPATH\Boot.php(68): CodeIgniter\Boot::runCodeIgniter(Object(CodeIgniter\CodeIgniter))
 9 FCPATH\index.php(59): CodeIgniter\Boot::bootWeb(Object(Config\Paths))
10 SYSTEMPATH\rewrite.php(44): require_once('C:\\laragon\\www\\Project Pweb2\\public\\index.php')
WARNING - 2025-12-19 03:29:48 --> [DEPRECATED] Passing lowercase HTTP method "get" is deprecated. Use uppercase HTTP method like "GET". in SYSTEMPATH\Router\RouteCollection.php on line 1026.
 1 SYSTEMPATH\Router\RouteCollection.php(1026): trigger_error('Passing lowercase HTTP method "get" is deprecated. Use uppercase HTTP method like "GET".', 16384)
 2 APPPATH\Config\Routes.php(15): CodeIgniter\Router\RouteCollection->match([...], 'login/auth', 'Login::auth')
 3 SYSTEMPATH\Router\RouteCollection.php(339): require('C:\\laragon\\www\\Project Pweb2\\app\\Config\\Routes.php')
 4 SYSTEMPATH\CodeIgniter.php(821): CodeIgniter\Router\RouteCollection->loadRoutes()
 5 SYSTEMPATH\CodeIgniter.php(455): CodeIgniter\CodeIgniter->tryToRouteIt(null)
 6 SYSTEMPATH\CodeIgniter.php(354): CodeIgniter\CodeIgniter->handleRequest(null, Object(Config\Cache), false)
 7 SYSTEMPATH\Boot.php(363): CodeIgniter\CodeIgniter->run()
 8 SYSTEMPATH\Boot.php(68): CodeIgniter\Boot::runCodeIgniter(Object(CodeIgniter\CodeIgniter))
 9 FCPATH\index.php(59): CodeIgniter\Boot::bootWeb(Object(Config\Paths))
10 SYSTEMPATH\rewrite.php(44): require_once('C:\\laragon\\www\\Project Pweb2\\public\\index.php')
WARNING - 2025-12-19 03:29:49 --> [DEPRECATED] Passing lowercase HTTP method "post" is deprecated. Use uppercase HTTP method like "POST". in SYSTEMPATH\Router\RouteCollection.php on line 1026.
 1 SYSTEMPATH\Router\RouteCollection.php(1026): trigger_error('Passing lowercase HTTP method "post" is deprecated. Use uppercase HTTP method like "POST".', 16384)
 2 APPPATH\Config\Routes.php(15): CodeIgniter\Router\RouteCollection->match([...], 'login/auth', 'Login::auth')
 3 SYSTEMPATH\Router\RouteCollection.php(339): require('C:\\laragon\\www\\Project Pweb2\\app\\Config\\Routes.php')
 4 SYSTEMPATH\CodeIgniter.php(821): CodeIgniter\Router\RouteCollection->loadRoutes()
 5 SYSTEMPATH\CodeIgniter.php(455): CodeIgniter\CodeIgniter->tryToRouteIt(null)
 6 SYSTEMPATH\CodeIgniter.php(354): CodeIgniter\CodeIgniter->handleRequest(null, Object(Config\Cache), false)
 7 SYSTEMPATH\Boot.php(363): CodeIgniter\CodeIgniter->run()
 8 SYSTEMPATH\Boot.php(68): CodeIgniter\Boot::runCodeIgniter(Object(CodeIgniter\CodeIgniter))
 9 FCPATH\index.php(59): CodeIgniter\Boot::bootWeb(Object(Config\Paths))
10 SYSTEMPATH\rewrite.php(44): require_once('C:\\laragon\\www\\Project Pweb2\\public\\index.php')
DEBUG - 2025-12-19 03:29:49 --> Session: Class initialized using 'CodeIgniter\Session\Handlers\FileHandler' driver.
WARNING - 2025-12-19 03:29:49 --> [DEPRECATED] Passing lowercase HTTP method "get" is deprecated. Use uppercase HTTP method like "GET". in SYSTEMPATH\Router\RouteCollection.php on line 1026.
 1 SYSTEMPATH\Router\RouteCollection.php(1026): trigger_error('Passing lowercase HTTP method "get" is deprecated. Use uppercase HTTP method like "GET".', 16384)
 2 APPPATH\Config\Routes.php(15): CodeIgniter\Router\RouteCollection->match([...], 'login/auth', 'Login::auth')
 3 SYSTEMPATH\Router\RouteCollection.php(339): require('C:\\laragon\\www\\Project Pweb2\\app\\Config\\Routes.php')
 4 SYSTEMPATH\CodeIgniter.php(821): CodeIgniter\Router\RouteCollection->loadRoutes()
 5 SYSTEMPATH\CodeIgniter.php(455): CodeIgniter\CodeIgniter->tryToRouteIt(null)
 6 SYSTEMPATH\CodeIgniter.php(354): CodeIgniter\CodeIgniter->handleRequest(null, Object(Config\Cache), false)
 7 SYSTEMPATH\Boot.php(363): CodeIgniter\CodeIgniter->run()
 8 SYSTEMPATH\Boot.php(68): CodeIgniter\Boot::runCodeIgniter(Object(CodeIgniter\CodeIgniter))
 9 FCPATH\index.php(59): CodeIgniter\Boot::bootWeb(Object(Config\Paths))
10 SYSTEMPATH\rewrite.php(44): require_once('C:\\laragon\\www\\Project Pweb2\\public\\index.php')
WARNING - 2025-12-19 03:29:49 --> [DEPRECATED] Passing lowercase HTTP method "post" is deprecated. Use uppercase HTTP method like "POST". in SYSTEMPATH\Router\RouteCollection.php on line 1026.
 1 SYSTEMPATH\Router\RouteCollection.php(1026): trigger_error('Passing lowercase HTTP method "post" is deprecated. Use uppercase HTTP method like "POST".', 16384)
 2 APPPATH\Config\Routes.php(15): CodeIgniter\Router\RouteCollection->match([...], 'login/auth', 'Login::auth')
 3 SYSTEMPATH\Router\RouteCollection.php(339): require('C:\\laragon\\www\\Project Pweb2\\app\\Config\\Routes.php')
 4 SYSTEMPATH\CodeIgniter.php(821): CodeIgniter\Router\RouteCollection->loadRoutes()
 5 SYSTEMPATH\CodeIgniter.php(455): CodeIgniter\CodeIgniter->tryToRouteIt(null)
 6 SYSTEMPATH\CodeIgniter.php(354): CodeIgniter\CodeIgniter->handleRequest(null, Object(Config\Cache), false)
 7 SYSTEMPATH\Boot.php(363): CodeIgniter\CodeIgniter->run()
 8 SYSTEMPATH\Boot.php(68): CodeIgniter\Boot::runCodeIgniter(Object(CodeIgniter\CodeIgniter))
 9 FCPATH\index.php(59): CodeIgniter\Boot::bootWeb(Object(Config\Paths))
10 SYSTEMPATH\rewrite.php(44): require_once('C:\\laragon\\www\\Project Pweb2\\public\\index.php')
WARNING - 2025-12-19 03:29:53 --> [DEPRECATED] Passing lowercase HTTP method "get" is deprecated. Use uppercase HTTP method like "GET". in SYSTEMPATH\Router\RouteCollection.php on line 1026.
 1 SYSTEMPATH\Router\RouteCollection.php(1026): trigger_error('Passing lowercase HTTP method "get" is deprecated. Use uppercase HTTP method like "GET".', 16384)
 2 APPPATH\Config\Routes.php(15): CodeIgniter\Router\RouteCollection->match([...], 'login/auth', 'Login::auth')
 3 SYSTEMPATH\Router\RouteCollection.php(339): require('C:\\laragon\\www\\Project Pweb2\\app\\Config\\Routes.php')
 4 SYSTEMPATH\CodeIgniter.php(821): CodeIgniter\Router\RouteCollection->loadRoutes()
 5 SYSTEMPATH\CodeIgniter.php(455): CodeIgniter\CodeIgniter->tryToRouteIt(null)
 6 SYSTEMPATH\CodeIgniter.php(354): CodeIgniter\CodeIgniter->handleRequest(null, Object(Config\Cache), false)
 7 SYSTEMPATH\Boot.php(363): CodeIgniter\CodeIgniter->run()
 8 SYSTEMPATH\Boot.php(68): CodeIgniter\Boot::runCodeIgniter(Object(CodeIgniter\CodeIgniter))
 9 FCPATH\index.php(59): CodeIgniter\Boot::bootWeb(Object(Config\Paths))
10 SYSTEMPATH\rewrite.php(44): require_once('C:\\laragon\\www\\Project Pweb2\\public\\index.php')
WARNING - 2025-12-19 03:29:53 --> [DEPRECATED] Passing lowercase HTTP method "post" is deprecated. Use uppercase HTTP method like "POST". in SYSTEMPATH\Router\RouteCollection.php on line 1026.
 1 SYSTEMPATH\Router\RouteCollection.php(1026): trigger_error('Passing lowercase HTTP method "post" is deprecated. Use uppercase HTTP method like "POST".', 16384)
 2 APPPATH\Config\Routes.php(15): CodeIgniter\Router\RouteCollection->match([...], 'login/auth', 'Login::auth')
 3 SYSTEMPATH\Router\RouteCollection.php(339): require('C:\\laragon\\www\\Project Pweb2\\app\\Config\\Routes.php')
 4 SYSTEMPATH\CodeIgniter.php(821): CodeIgniter\Router\RouteCollection->loadRoutes()
 5 SYSTEMPATH\CodeIgniter.php(455): CodeIgniter\CodeIgniter->tryToRouteIt(null)
 6 SYSTEMPATH\CodeIgniter.php(354): CodeIgniter\CodeIgniter->handleRequest(null, Object(Config\Cache), false)
 7 SYSTEMPATH\Boot.php(363): CodeIgniter\CodeIgniter->run()
 8 SYSTEMPATH\Boot.php(68): CodeIgniter\Boot::runCodeIgniter(Object(CodeIgniter\CodeIgniter))
 9 FCPATH\index.php(59): CodeIgniter\Boot::bootWeb(Object(Config\Paths))
10 SYSTEMPATH\rewrite.php(44): require_once('C:\\laragon\\www\\Project Pweb2\\public\\index.php')
DEBUG - 2025-12-19 03:29:53 --> Session: Class initialized using 'CodeIgniter\Session\Handlers\FileHandler' driver.
WARNING - 2025-12-19 03:29:57 --> [DEPRECATED] Passing lowercase HTTP method "get" is deprecated. Use uppercase HTTP method like "GET". in SYSTEMPATH\Router\RouteCollection.php on line 1026.
 1 SYSTEMPATH\Router\RouteCollection.php(1026): trigger_error('Passing lowercase HTTP method "get" is deprecated. Use uppercase HTTP method like "GET".', 16384)
 2 APPPATH\Config\Routes.php(15): CodeIgniter\Router\RouteCollection->match([...], 'login/auth', 'Login::auth')
 3 SYSTEMPATH\Router\RouteCollection.php(339): require('C:\\laragon\\www\\Project Pweb2\\app\\Config\\Routes.php')
 4 SYSTEMPATH\CodeIgniter.php(821): CodeIgniter\Router\RouteCollection->loadRoutes()
 5 SYSTEMPATH\CodeIgniter.php(455): CodeIgniter\CodeIgniter->tryToRouteIt(null)
 6 SYSTEMPATH\CodeIgniter.php(354): CodeIgniter\CodeIgniter->handleRequest(null, Object(Config\Cache), false)
 7 SYSTEMPATH\Boot.php(363): CodeIgniter\CodeIgniter->run()
 8 SYSTEMPATH\Boot.php(68): CodeIgniter\Boot::runCodeIgniter(Object(CodeIgniter\CodeIgniter))
 9 FCPATH\index.php(59): CodeIgniter\Boot::bootWeb(Object(Config\Paths))
10 SYSTEMPATH\rewrite.php(44): require_once('C:\\laragon\\www\\Project Pweb2\\public\\index.php')
WARNING - 2025-12-19 03:29:57 --> [DEPRECATED] Passing lowercase HTTP method "post" is deprecated. Use uppercase HTTP method like "POST". in SYSTEMPATH\Router\RouteCollection.php on line 1026.
 1 SYSTEMPATH\Router\RouteCollection.php(1026): trigger_error('Passing lowercase HTTP method "post" is deprecated. Use uppercase HTTP method like "POST".', 16384)
 2 APPPATH\Config\Routes.php(15): CodeIgniter\Router\RouteCollection->match([...], 'login/auth', 'Login::auth')
 3 SYSTEMPATH\Router\RouteCollection.php(339): require('C:\\laragon\\www\\Project Pweb2\\app\\Config\\Routes.php')
 4 SYSTEMPATH\CodeIgniter.php(821): CodeIgniter\Router\RouteCollection->loadRoutes()
 5 SYSTEMPATH\CodeIgniter.php(455): CodeIgniter\CodeIgniter->tryToRouteIt(null)
 6 SYSTEMPATH\CodeIgniter.php(354): CodeIgniter\CodeIgniter->handleRequest(null, Object(Config\Cache), false)
 7 SYSTEMPATH\Boot.php(363): CodeIgniter\CodeIgniter->run()
 8 SYSTEMPATH\Boot.php(68): CodeIgniter\Boot::runCodeIgniter(Object(CodeIgniter\CodeIgniter))
 9 FCPATH\index.php(59): CodeIgniter\Boot::bootWeb(Object(Config\Paths))
10 SYSTEMPATH\rewrite.php(44): require_once('C:\\laragon\\www\\Project Pweb2\\public\\index.php')
DEBUG - 2025-12-19 03:29:57 --> Session: Class initialized using 'CodeIgniter\Session\Handlers\FileHandler' driver.
WARNING - 2025-12-19 03:29:58 --> [DEPRECATED] Passing lowercase HTTP method "get" is deprecated. Use uppercase HTTP method like "GET". in SYSTEMPATH\Router\RouteCollection.php on line 1026.
 1 SYSTEMPATH\Router\RouteCollection.php(1026): trigger_error('Passing lowercase HTTP method "get" is deprecated. Use uppercase HTTP method like "GET".', 16384)
 2 APPPATH\Config\Routes.php(15): CodeIgniter\Router\RouteCollection->match([...], 'login/auth', 'Login::auth')
 3 SYSTEMPATH\Router\RouteCollection.php(339): require('C:\\laragon\\www\\Project Pweb2\\app\\Config\\Routes.php')
 4 SYSTEMPATH\CodeIgniter.php(821): CodeIgniter\Router\RouteCollection->loadRoutes()
 5 SYSTEMPATH\CodeIgniter.php(455): CodeIgniter\CodeIgniter->tryToRouteIt(null)
 6 SYSTEMPATH\CodeIgniter.php(354): CodeIgniter\CodeIgniter->handleRequest(null, Object(Config\Cache), false)
 7 SYSTEMPATH\Boot.php(363): CodeIgniter\CodeIgniter->run()
 8 SYSTEMPATH\Boot.php(68): CodeIgniter\Boot::runCodeIgniter(Object(CodeIgniter\CodeIgniter))
 9 FCPATH\index.php(59): CodeIgniter\Boot::bootWeb(Object(Config\Paths))
10 SYSTEMPATH\rewrite.php(44): require_once('C:\\laragon\\www\\Project Pweb2\\public\\index.php')
WARNING - 2025-12-19 03:29:58 --> [DEPRECATED] Passing lowercase HTTP method "post" is deprecated. Use uppercase HTTP method like "POST". in SYSTEMPATH\Router\RouteCollection.php on line 1026.
 1 SYSTEMPATH\Router\RouteCollection.php(1026): trigger_error('Passing lowercase HTTP method "post" is deprecated. Use uppercase HTTP method like "POST".', 16384)
 2 APPPATH\Config\Routes.php(15): CodeIgniter\Router\RouteCollection->match([...], 'login/auth', 'Login::auth')
 3 SYSTEMPATH\Router\RouteCollection.php(339): require('C:\\laragon\\www\\Project Pweb2\\app\\Config\\Routes.php')
 4 SYSTEMPATH\CodeIgniter.php(821): CodeIgniter\Router\RouteCollection->loadRoutes()
 5 SYSTEMPATH\CodeIgniter.php(455): CodeIgniter\CodeIgniter->tryToRouteIt(null)
 6 SYSTEMPATH\CodeIgniter.php(354): CodeIgniter\CodeIgniter->handleRequest(null, Object(Config\Cache), false)
 7 SYSTEMPATH\Boot.php(363): CodeIgniter\CodeIgniter->run()
 8 SYSTEMPATH\Boot.php(68): CodeIgniter\Boot::runCodeIgniter(Object(CodeIgniter\CodeIgniter))
 9 FCPATH\index.php(59): CodeIgniter\Boot::bootWeb(Object(Config\Paths))
10 SYSTEMPATH\rewrite.php(44): require_once('C:\\laragon\\www\\Project Pweb2\\public\\index.php')
WARNING - 2025-12-19 03:30:00 --> [DEPRECATED] Passing lowercase HTTP method "get" is deprecated. Use uppercase HTTP method like "GET". in SYSTEMPATH\Router\RouteCollection.php on line 1026.
 1 SYSTEMPATH\Router\RouteCollection.php(1026): trigger_error('Passing lowercase HTTP method "get" is deprecated. Use uppercase HTTP method like "GET".', 16384)
 2 APPPATH\Config\Routes.php(15): CodeIgniter\Router\RouteCollection->match([...], 'login/auth', 'Login::auth')
 3 SYSTEMPATH\Router\RouteCollection.php(339): require('C:\\laragon\\www\\Project Pweb2\\app\\Config\\Routes.php')
 4 SYSTEMPATH\CodeIgniter.php(821): CodeIgniter\Router\RouteCollection->loadRoutes()
 5 SYSTEMPATH\CodeIgniter.php(455): CodeIgniter\CodeIgniter->tryToRouteIt(null)
 6 SYSTEMPATH\CodeIgniter.php(354): CodeIgniter\CodeIgniter->handleRequest(null, Object(Config\Cache), false)
 7 SYSTEMPATH\Boot.php(363): CodeIgniter\CodeIgniter->run()
 8 SYSTEMPATH\Boot.php(68): CodeIgniter\Boot::runCodeIgniter(Object(CodeIgniter\CodeIgniter))
 9 FCPATH\index.php(59): CodeIgniter\Boot::bootWeb(Object(Config\Paths))
10 SYSTEMPATH\rewrite.php(44): require_once('C:\\laragon\\www\\Project Pweb2\\public\\index.php')
WARNING - 2025-12-19 03:30:00 --> [DEPRECATED] Passing lowercase HTTP method "post" is deprecated. Use uppercase HTTP method like "POST". in SYSTEMPATH\Router\RouteCollection.php on line 1026.
 1 SYSTEMPATH\Router\RouteCollection.php(1026): trigger_error('Passing lowercase HTTP method "post" is deprecated. Use uppercase HTTP method like "POST".', 16384)
 2 APPPATH\Config\Routes.php(15): CodeIgniter\Router\RouteCollection->match([...], 'login/auth', 'Login::auth')
 3 SYSTEMPATH\Router\RouteCollection.php(339): require('C:\\laragon\\www\\Project Pweb2\\app\\Config\\Routes.php')
 4 SYSTEMPATH\CodeIgniter.php(821): CodeIgniter\Router\RouteCollection->loadRoutes()
 5 SYSTEMPATH\CodeIgniter.php(455): CodeIgniter\CodeIgniter->tryToRouteIt(null)
 6 SYSTEMPATH\CodeIgniter.php(354): CodeIgniter\CodeIgniter->handleRequest(null, Object(Config\Cache), false)
 7 SYSTEMPATH\Boot.php(363): CodeIgniter\CodeIgniter->run()
 8 SYSTEMPATH\Boot.php(68): CodeIgniter\Boot::runCodeIgniter(Object(CodeIgniter\CodeIgniter))
 9 FCPATH\index.php(59): CodeIgniter\Boot::bootWeb(Object(Config\Paths))
10 SYSTEMPATH\rewrite.php(44): require_once('C:\\laragon\\www\\Project Pweb2\\public\\index.php')
DEBUG - 2025-12-19 03:30:00 --> Session: Class initialized using 'CodeIgniter\Session\Handlers\FileHandler' driver.
WARNING - 2025-12-19 03:30:03 --> [DEPRECATED] Passing lowercase HTTP method "get" is deprecated. Use uppercase HTTP method like "GET". in SYSTEMPATH\Router\RouteCollection.php on line 1026.
 1 SYSTEMPATH\Router\RouteCollection.php(1026): trigger_error('Passing lowercase HTTP method "get" is deprecated. Use uppercase HTTP method like "GET".', 16384)
 2 APPPATH\Config\Routes.php(15): CodeIgniter\Router\RouteCollection->match([...], 'login/auth', 'Login::auth')
 3 SYSTEMPATH\Router\RouteCollection.php(339): require('C:\\laragon\\www\\Project Pweb2\\app\\Config\\Routes.php')
 4 SYSTEMPATH\CodeIgniter.php(821): CodeIgniter\Router\RouteCollection->loadRoutes()
 5 SYSTEMPATH\CodeIgniter.php(455): CodeIgniter\CodeIgniter->tryToRouteIt(null)
 6 SYSTEMPATH\CodeIgniter.php(354): CodeIgniter\CodeIgniter->handleRequest(null, Object(Config\Cache), false)
 7 SYSTEMPATH\Boot.php(363): CodeIgniter\CodeIgniter->run()
 8 SYSTEMPATH\Boot.php(68): CodeIgniter\Boot::runCodeIgniter(Object(CodeIgniter\CodeIgniter))
 9 FCPATH\index.php(59): CodeIgniter\Boot::bootWeb(Object(Config\Paths))
10 SYSTEMPATH\rewrite.php(44): require_once('C:\\laragon\\www\\Project Pweb2\\public\\index.php')
WARNING - 2025-12-19 03:30:03 --> [DEPRECATED] Passing lowercase HTTP method "post" is deprecated. Use uppercase HTTP method like "POST". in SYSTEMPATH\Router\RouteCollection.php on line 1026.
 1 SYSTEMPATH\Router\RouteCollection.php(1026): trigger_error('Passing lowercase HTTP method "post" is deprecated. Use uppercase HTTP method like "POST".', 16384)
 2 APPPATH\Config\Routes.php(15): CodeIgniter\Router\RouteCollection->match([...], 'login/auth', 'Login::auth')
 3 SYSTEMPATH\Router\RouteCollection.php(339): require('C:\\laragon\\www\\Project Pweb2\\app\\Config\\Routes.php')
 4 SYSTEMPATH\CodeIgniter.php(821): CodeIgniter\Router\RouteCollection->loadRoutes()
 5 SYSTEMPATH\CodeIgniter.php(455): CodeIgniter\CodeIgniter->tryToRouteIt(null)
 6 SYSTEMPATH\CodeIgniter.php(354): CodeIgniter\CodeIgniter->handleRequest(null, Object(Config\Cache), false)
 7 SYSTEMPATH\Boot.php(363): CodeIgniter\CodeIgniter->run()
 8 SYSTEMPATH\Boot.php(68): CodeIgniter\Boot::runCodeIgniter(Object(CodeIgniter\CodeIgniter))
 9 FCPATH\index.php(59): CodeIgniter\Boot::bootWeb(Object(Config\Paths))
10 SYSTEMPATH\rewrite.php(44): require_once('C:\\laragon\\www\\Project Pweb2\\public\\index.php')
DEBUG - 2025-12-19 03:30:03 --> Session: Class initialized using 'CodeIgniter\Session\Handlers\FileHandler' driver.
WARNING - 2025-12-19 03:34:36 --> [DEPRECATED] Passing lowercase HTTP method "get" is deprecated. Use uppercase HTTP method like "GET". in SYSTEMPATH\Router\RouteCollection.php on line 1026.
 1 SYSTEMPATH\Router\RouteCollection.php(1026): trigger_error('Passing lowercase HTTP method "get" is deprecated. Use uppercase HTTP method like "GET".', 16384)
 2 APPPATH\Config\Routes.php(15): CodeIgniter\Router\RouteCollection->match([...], 'login/auth', 'Login::auth')
 3 SYSTEMPATH\Router\RouteCollection.php(339): require('C:\\laragon\\www\\Project Pweb2\\app\\Config\\Routes.php')
 4 SYSTEMPATH\CodeIgniter.php(821): CodeIgniter\Router\RouteCollection->loadRoutes()
 5 SYSTEMPATH\CodeIgniter.php(455): CodeIgniter\CodeIgniter->tryToRouteIt(null)
 6 SYSTEMPATH\CodeIgniter.php(354): CodeIgniter\CodeIgniter->handleRequest(null, Object(Config\Cache), false)
 7 SYSTEMPATH\Boot.php(363): CodeIgniter\CodeIgniter->run()
 8 SYSTEMPATH\Boot.php(68): CodeIgniter\Boot::runCodeIgniter(Object(CodeIgniter\CodeIgniter))
 9 FCPATH\index.php(59): CodeIgniter\Boot::bootWeb(Object(Config\Paths))
10 SYSTEMPATH\rewrite.php(44): require_once('C:\\laragon\\www\\Project Pweb2\\public\\index.php')
WARNING - 2025-12-19 03:34:36 --> [DEPRECATED] Passing lowercase HTTP method "post" is deprecated. Use uppercase HTTP method like "POST". in SYSTEMPATH\Router\RouteCollection.php on line 1026.
 1 SYSTEMPATH\Router\RouteCollection.php(1026): trigger_error('Passing lowercase HTTP method "post" is deprecated. Use uppercase HTTP method like "POST".', 16384)
 2 APPPATH\Config\Routes.php(15): CodeIgniter\Router\RouteCollection->match([...], 'login/auth', 'Login::auth')
 3 SYSTEMPATH\Router\RouteCollection.php(339): require('C:\\laragon\\www\\Project Pweb2\\app\\Config\\Routes.php')
 4 SYSTEMPATH\CodeIgniter.php(821): CodeIgniter\Router\RouteCollection->loadRoutes()
 5 SYSTEMPATH\CodeIgniter.php(455): CodeIgniter\CodeIgniter->tryToRouteIt(null)
 6 SYSTEMPATH\CodeIgniter.php(354): CodeIgniter\CodeIgniter->handleRequest(null, Object(Config\Cache), false)
 7 SYSTEMPATH\Boot.php(363): CodeIgniter\CodeIgniter->run()
 8 SYSTEMPATH\Boot.php(68): CodeIgniter\Boot::runCodeIgniter(Object(CodeIgniter\CodeIgniter))
 9 FCPATH\index.php(59): CodeIgniter\Boot::bootWeb(Object(Config\Paths))
10 SYSTEMPATH\rewrite.php(44): require_once('C:\\laragon\\www\\Project Pweb2\\public\\index.php')
DEBUG - 2025-12-19 03:34:36 --> Session: Class initialized using 'CodeIgniter\Session\Handlers\FileHandler' driver.
WARNING - 2025-12-19 03:34:42 --> [DEPRECATED] Passing lowercase HTTP method "get" is deprecated. Use uppercase HTTP method like "GET". in SYSTEMPATH\Router\RouteCollection.php on line 1026.
 1 SYSTEMPATH\Router\RouteCollection.php(1026): trigger_error('Passing lowercase HTTP method "get" is deprecated. Use uppercase HTTP method like "GET".', 16384)
 2 APPPATH\Config\Routes.php(15): CodeIgniter\Router\RouteCollection->match([...], 'login/auth', 'Login::auth')
 3 SYSTEMPATH\Router\RouteCollection.php(339): require('C:\\laragon\\www\\Project Pweb2\\app\\Config\\Routes.php')
 4 SYSTEMPATH\CodeIgniter.php(821): CodeIgniter\Router\RouteCollection->loadRoutes()
 5 SYSTEMPATH\CodeIgniter.php(455): CodeIgniter\CodeIgniter->tryToRouteIt(null)
 6 SYSTEMPATH\CodeIgniter.php(354): CodeIgniter\CodeIgniter->handleRequest(null, Object(Config\Cache), false)
 7 SYSTEMPATH\Boot.php(363): CodeIgniter\CodeIgniter->run()
 8 SYSTEMPATH\Boot.php(68): CodeIgniter\Boot::runCodeIgniter(Object(CodeIgniter\CodeIgniter))
 9 FCPATH\index.php(59): CodeIgniter\Boot::bootWeb(Object(Config\Paths))
10 SYSTEMPATH\rewrite.php(44): require_once('C:\\laragon\\www\\Project Pweb2\\public\\index.php')
WARNING - 2025-12-19 03:34:42 --> [DEPRECATED] Passing lowercase HTTP method "post" is deprecated. Use uppercase HTTP method like "POST". in SYSTEMPATH\Router\RouteCollection.php on line 1026.
 1 SYSTEMPATH\Router\RouteCollection.php(1026): trigger_error('Passing lowercase HTTP method "post" is deprecated. Use uppercase HTTP method like "POST".', 16384)
 2 APPPATH\Config\Routes.php(15): CodeIgniter\Router\RouteCollection->match([...], 'login/auth', 'Login::auth')
 3 SYSTEMPATH\Router\RouteCollection.php(339): require('C:\\laragon\\www\\Project Pweb2\\app\\Config\\Routes.php')
 4 SYSTEMPATH\CodeIgniter.php(821): CodeIgniter\Router\RouteCollection->loadRoutes()
 5 SYSTEMPATH\CodeIgniter.php(455): CodeIgniter\CodeIgniter->tryToRouteIt(null)
 6 SYSTEMPATH\CodeIgniter.php(354): CodeIgniter\CodeIgniter->handleRequest(null, Object(Config\Cache), false)
 7 SYSTEMPATH\Boot.php(363): CodeIgniter\CodeIgniter->run()
 8 SYSTEMPATH\Boot.php(68): CodeIgniter\Boot::runCodeIgniter(Object(CodeIgniter\CodeIgniter))
 9 FCPATH\index.php(59): CodeIgniter\Boot::bootWeb(Object(Config\Paths))
10 SYSTEMPATH\rewrite.php(44): require_once('C:\\laragon\\www\\Project Pweb2\\public\\index.php')
DEBUG - 2025-12-19 03:34:42 --> Session: Class initialized using 'CodeIgniter\Session\Handlers\FileHandler' driver.
WARNING - 2025-12-19 03:34:43 --> [DEPRECATED] Passing lowercase HTTP method "get" is deprecated. Use uppercase HTTP method like "GET". in SYSTEMPATH\Router\RouteCollection.php on line 1026.
 1 SYSTEMPATH\Router\RouteCollection.php(1026): trigger_error('Passing lowercase HTTP method "get" is deprecated. Use uppercase HTTP method like "GET".', 16384)
 2 APPPATH\Config\Routes.php(15): CodeIgniter\Router\RouteCollection->match([...], 'login/auth', 'Login::auth')
 3 SYSTEMPATH\Router\RouteCollection.php(339): require('C:\\laragon\\www\\Project Pweb2\\app\\Config\\Routes.php')
 4 SYSTEMPATH\CodeIgniter.php(821): CodeIgniter\Router\RouteCollection->loadRoutes()
 5 SYSTEMPATH\CodeIgniter.php(455): CodeIgniter\CodeIgniter->tryToRouteIt(null)
 6 SYSTEMPATH\CodeIgniter.php(354): CodeIgniter\CodeIgniter->handleRequest(null, Object(Config\Cache), false)
 7 SYSTEMPATH\Boot.php(363): CodeIgniter\CodeIgniter->run()
 8 SYSTEMPATH\Boot.php(68): CodeIgniter\Boot::runCodeIgniter(Object(CodeIgniter\CodeIgniter))
 9 FCPATH\index.php(59): CodeIgniter\Boot::bootWeb(Object(Config\Paths))
10 SYSTEMPATH\rewrite.php(44): require_once('C:\\laragon\\www\\Project Pweb2\\public\\index.php')
WARNING - 2025-12-19 03:34:43 --> [DEPRECATED] Passing lowercase HTTP method "post" is deprecated. Use uppercase HTTP method like "POST". in SYSTEMPATH\Router\RouteCollection.php on line 1026.
 1 SYSTEMPATH\Router\RouteCollection.php(1026): trigger_error('Passing lowercase HTTP method "post" is deprecated. Use uppercase HTTP method like "POST".', 16384)
 2 APPPATH\Config\Routes.php(15): CodeIgniter\Router\RouteCollection->match([...], 'login/auth', 'Login::auth')
 3 SYSTEMPATH\Router\RouteCollection.php(339): require('C:\\laragon\\www\\Project Pweb2\\app\\Config\\Routes.php')
 4 SYSTEMPATH\CodeIgniter.php(821): CodeIgniter\Router\RouteCollection->loadRoutes()
 5 SYSTEMPATH\CodeIgniter.php(455): CodeIgniter\CodeIgniter->tryToRouteIt(null)
 6 SYSTEMPATH\CodeIgniter.php(354): CodeIgniter\CodeIgniter->handleRequest(null, Object(Config\Cache), false)
 7 SYSTEMPATH\Boot.php(363): CodeIgniter\CodeIgniter->run()
 8 SYSTEMPATH\Boot.php(68): CodeIgniter\Boot::runCodeIgniter(Object(CodeIgniter\CodeIgniter))
 9 FCPATH\index.php(59): CodeIgniter\Boot::bootWeb(Object(Config\Paths))
10 SYSTEMPATH\rewrite.php(44): require_once('C:\\laragon\\www\\Project Pweb2\\public\\index.php')
WARNING - 2025-12-19 03:34:44 --> [DEPRECATED] Passing lowercase HTTP method "get" is deprecated. Use uppercase HTTP method like "GET". in SYSTEMPATH\Router\RouteCollection.php on line 1026.
 1 SYSTEMPATH\Router\RouteCollection.php(1026): trigger_error('Passing lowercase HTTP method "get" is deprecated. Use uppercase HTTP method like "GET".', 16384)
 2 APPPATH\Config\Routes.php(15): CodeIgniter\Router\RouteCollection->match([...], 'login/auth', 'Login::auth')
 3 SYSTEMPATH\Router\RouteCollection.php(339): require('C:\\laragon\\www\\Project Pweb2\\app\\Config\\Routes.php')
 4 SYSTEMPATH\CodeIgniter.php(821): CodeIgniter\Router\RouteCollection->loadRoutes()
 5 SYSTEMPATH\CodeIgniter.php(455): CodeIgniter\CodeIgniter->tryToRouteIt(null)
 6 SYSTEMPATH\CodeIgniter.php(354): CodeIgniter\CodeIgniter->handleRequest(null, Object(Config\Cache), false)
 7 SYSTEMPATH\Boot.php(363): CodeIgniter\CodeIgniter->run()
 8 SYSTEMPATH\Boot.php(68): CodeIgniter\Boot::runCodeIgniter(Object(CodeIgniter\CodeIgniter))
 9 FCPATH\index.php(59): CodeIgniter\Boot::bootWeb(Object(Config\Paths))
10 SYSTEMPATH\rewrite.php(44): require_once('C:\\laragon\\www\\Project Pweb2\\public\\index.php')
WARNING - 2025-12-19 03:34:44 --> [DEPRECATED] Passing lowercase HTTP method "post" is deprecated. Use uppercase HTTP method like "POST". in SYSTEMPATH\Router\RouteCollection.php on line 1026.
 1 SYSTEMPATH\Router\RouteCollection.php(1026): trigger_error('Passing lowercase HTTP method "post" is deprecated. Use uppercase HTTP method like "POST".', 16384)
 2 APPPATH\Config\Routes.php(15): CodeIgniter\Router\RouteCollection->match([...], 'login/auth', 'Login::auth')
 3 SYSTEMPATH\Router\RouteCollection.php(339): require('C:\\laragon\\www\\Project Pweb2\\app\\Config\\Routes.php')
 4 SYSTEMPATH\CodeIgniter.php(821): CodeIgniter\Router\RouteCollection->loadRoutes()
 5 SYSTEMPATH\CodeIgniter.php(455): CodeIgniter\CodeIgniter->tryToRouteIt(null)
 6 SYSTEMPATH\CodeIgniter.php(354): CodeIgniter\CodeIgniter->handleRequest(null, Object(Config\Cache), false)
 7 SYSTEMPATH\Boot.php(363): CodeIgniter\CodeIgniter->run()
 8 SYSTEMPATH\Boot.php(68): CodeIgniter\Boot::runCodeIgniter(Object(CodeIgniter\CodeIgniter))
 9 FCPATH\index.php(59): CodeIgniter\Boot::bootWeb(Object(Config\Paths))
10 SYSTEMPATH\rewrite.php(44): require_once('C:\\laragon\\www\\Project Pweb2\\public\\index.php')
DEBUG - 2025-12-19 03:34:44 --> Session: Class initialized using 'CodeIgniter\Session\Handlers\FileHandler' driver.
WARNING - 2025-12-19 03:34:45 --> [DEPRECATED] Passing lowercase HTTP method "get" is deprecated. Use uppercase HTTP method like "GET". in SYSTEMPATH\Router\RouteCollection.php on line 1026.
 1 SYSTEMPATH\Router\RouteCollection.php(1026): trigger_error('Passing lowercase HTTP method "get" is deprecated. Use uppercase HTTP method like "GET".', 16384)
 2 APPPATH\Config\Routes.php(15): CodeIgniter\Router\RouteCollection->match([...], 'login/auth', 'Login::auth')
 3 SYSTEMPATH\Router\RouteCollection.php(339): require('C:\\laragon\\www\\Project Pweb2\\app\\Config\\Routes.php')
 4 SYSTEMPATH\CodeIgniter.php(821): CodeIgniter\Router\RouteCollection->loadRoutes()
 5 SYSTEMPATH\CodeIgniter.php(455): CodeIgniter\CodeIgniter->tryToRouteIt(null)
 6 SYSTEMPATH\CodeIgniter.php(354): CodeIgniter\CodeIgniter->handleRequest(null, Object(Config\Cache), false)
 7 SYSTEMPATH\Boot.php(363): CodeIgniter\CodeIgniter->run()
 8 SYSTEMPATH\Boot.php(68): CodeIgniter\Boot::runCodeIgniter(Object(CodeIgniter\CodeIgniter))
 9 FCPATH\index.php(59): CodeIgniter\Boot::bootWeb(Object(Config\Paths))
10 SYSTEMPATH\rewrite.php(44): require_once('C:\\laragon\\www\\Project Pweb2\\public\\index.php')
WARNING - 2025-12-19 03:34:45 --> [DEPRECATED] Passing lowercase HTTP method "post" is deprecated. Use uppercase HTTP method like "POST". in SYSTEMPATH\Router\RouteCollection.php on line 1026.
 1 SYSTEMPATH\Router\RouteCollection.php(1026): trigger_error('Passing lowercase HTTP method "post" is deprecated. Use uppercase HTTP method like "POST".', 16384)
 2 APPPATH\Config\Routes.php(15): CodeIgniter\Router\RouteCollection->match([...], 'login/auth', 'Login::auth')
 3 SYSTEMPATH\Router\RouteCollection.php(339): require('C:\\laragon\\www\\Project Pweb2\\app\\Config\\Routes.php')
 4 SYSTEMPATH\CodeIgniter.php(821): CodeIgniter\Router\RouteCollection->loadRoutes()
 5 SYSTEMPATH\CodeIgniter.php(455): CodeIgniter\CodeIgniter->tryToRouteIt(null)
 6 SYSTEMPATH\CodeIgniter.php(354): CodeIgniter\CodeIgniter->handleRequest(null, Object(Config\Cache), false)
 7 SYSTEMPATH\Boot.php(363): CodeIgniter\CodeIgniter->run()
 8 SYSTEMPATH\Boot.php(68): CodeIgniter\Boot::runCodeIgniter(Object(CodeIgniter\CodeIgniter))
 9 FCPATH\index.php(59): CodeIgniter\Boot::bootWeb(Object(Config\Paths))
10 SYSTEMPATH\rewrite.php(44): require_once('C:\\laragon\\www\\Project Pweb2\\public\\index.php')
WARNING - 2025-12-19 03:34:46 --> [DEPRECATED] Passing lowercase HTTP method "get" is deprecated. Use uppercase HTTP method like "GET". in SYSTEMPATH\Router\RouteCollection.php on line 1026.
 1 SYSTEMPATH\Router\RouteCollection.php(1026): trigger_error('Passing lowercase HTTP method "get" is deprecated. Use uppercase HTTP method like "GET".', 16384)
 2 APPPATH\Config\Routes.php(15): CodeIgniter\Router\RouteCollection->match([...], 'login/auth', 'Login::auth')
 3 SYSTEMPATH\Router\RouteCollection.php(339): require('C:\\laragon\\www\\Project Pweb2\\app\\Config\\Routes.php')
 4 SYSTEMPATH\CodeIgniter.php(821): CodeIgniter\Router\RouteCollection->loadRoutes()
 5 SYSTEMPATH\CodeIgniter.php(455): CodeIgniter\CodeIgniter->tryToRouteIt(null)
 6 SYSTEMPATH\CodeIgniter.php(354): CodeIgniter\CodeIgniter->handleRequest(null, Object(Config\Cache), false)
 7 SYSTEMPATH\Boot.php(363): CodeIgniter\CodeIgniter->run()
 8 SYSTEMPATH\Boot.php(68): CodeIgniter\Boot::runCodeIgniter(Object(CodeIgniter\CodeIgniter))
 9 FCPATH\index.php(59): CodeIgniter\Boot::bootWeb(Object(Config\Paths))
10 SYSTEMPATH\rewrite.php(44): require_once('C:\\laragon\\www\\Project Pweb2\\public\\index.php')
WARNING - 2025-12-19 03:34:46 --> [DEPRECATED] Passing lowercase HTTP method "post" is deprecated. Use uppercase HTTP method like "POST". in SYSTEMPATH\Router\RouteCollection.php on line 1026.
 1 SYSTEMPATH\Router\RouteCollection.php(1026): trigger_error('Passing lowercase HTTP method "post" is deprecated. Use uppercase HTTP method like "POST".', 16384)
 2 APPPATH\Config\Routes.php(15): CodeIgniter\Router\RouteCollection->match([...], 'login/auth', 'Login::auth')
 3 SYSTEMPATH\Router\RouteCollection.php(339): require('C:\\laragon\\www\\Project Pweb2\\app\\Config\\Routes.php')
 4 SYSTEMPATH\CodeIgniter.php(821): CodeIgniter\Router\RouteCollection->loadRoutes()
 5 SYSTEMPATH\CodeIgniter.php(455): CodeIgniter\CodeIgniter->tryToRouteIt(null)
 6 SYSTEMPATH\CodeIgniter.php(354): CodeIgniter\CodeIgniter->handleRequest(null, Object(Config\Cache), false)
 7 SYSTEMPATH\Boot.php(363): CodeIgniter\CodeIgniter->run()
 8 SYSTEMPATH\Boot.php(68): CodeIgniter\Boot::runCodeIgniter(Object(CodeIgniter\CodeIgniter))
 9 FCPATH\index.php(59): CodeIgniter\Boot::bootWeb(Object(Config\Paths))
10 SYSTEMPATH\rewrite.php(44): require_once('C:\\laragon\\www\\Project Pweb2\\public\\index.php')
DEBUG - 2025-12-19 03:34:46 --> Session: Class initialized using 'CodeIgniter\Session\Handlers\FileHandler' driver.
WARNING - 2025-12-19 03:34:46 --> [DEPRECATED] Passing lowercase HTTP method "get" is deprecated. Use uppercase HTTP method like "GET". in SYSTEMPATH\Router\RouteCollection.php on line 1026.
 1 SYSTEMPATH\Router\RouteCollection.php(1026): trigger_error('Passing lowercase HTTP method "get" is deprecated. Use uppercase HTTP method like "GET".', 16384)
 2 APPPATH\Config\Routes.php(15): CodeIgniter\Router\RouteCollection->match([...], 'login/auth', 'Login::auth')
 3 SYSTEMPATH\Router\RouteCollection.php(339): require('C:\\laragon\\www\\Project Pweb2\\app\\Config\\Routes.php')
 4 SYSTEMPATH\CodeIgniter.php(821): CodeIgniter\Router\RouteCollection->loadRoutes()
 5 SYSTEMPATH\CodeIgniter.php(455): CodeIgniter\CodeIgniter->tryToRouteIt(null)
 6 SYSTEMPATH\CodeIgniter.php(354): CodeIgniter\CodeIgniter->handleRequest(null, Object(Config\Cache), false)
 7 SYSTEMPATH\Boot.php(363): CodeIgniter\CodeIgniter->run()
 8 SYSTEMPATH\Boot.php(68): CodeIgniter\Boot::runCodeIgniter(Object(CodeIgniter\CodeIgniter))
 9 FCPATH\index.php(59): CodeIgniter\Boot::bootWeb(Object(Config\Paths))
10 SYSTEMPATH\rewrite.php(44): require_once('C:\\laragon\\www\\Project Pweb2\\public\\index.php')
WARNING - 2025-12-19 03:34:46 --> [DEPRECATED] Passing lowercase HTTP method "post" is deprecated. Use uppercase HTTP method like "POST". in SYSTEMPATH\Router\RouteCollection.php on line 1026.
 1 SYSTEMPATH\Router\RouteCollection.php(1026): trigger_error('Passing lowercase HTTP method "post" is deprecated. Use uppercase HTTP method like "POST".', 16384)
 2 APPPATH\Config\Routes.php(15): CodeIgniter\Router\RouteCollection->match([...], 'login/auth', 'Login::auth')
 3 SYSTEMPATH\Router\RouteCollection.php(339): require('C:\\laragon\\www\\Project Pweb2\\app\\Config\\Routes.php')
 4 SYSTEMPATH\CodeIgniter.php(821): CodeIgniter\Router\RouteCollection->loadRoutes()
 5 SYSTEMPATH\CodeIgniter.php(455): CodeIgniter\CodeIgniter->tryToRouteIt(null)
 6 SYSTEMPATH\CodeIgniter.php(354): CodeIgniter\CodeIgniter->handleRequest(null, Object(Config\Cache), false)
 7 SYSTEMPATH\Boot.php(363): CodeIgniter\CodeIgniter->run()
 8 SYSTEMPATH\Boot.php(68): CodeIgniter\Boot::runCodeIgniter(Object(CodeIgniter\CodeIgniter))
 9 FCPATH\index.php(59): CodeIgniter\Boot::bootWeb(Object(Config\Paths))
10 SYSTEMPATH\rewrite.php(44): require_once('C:\\laragon\\www\\Project Pweb2\\public\\index.php')
WARNING - 2025-12-19 03:34:47 --> [DEPRECATED] Passing lowercase HTTP method "get" is deprecated. Use uppercase HTTP method like "GET". in SYSTEMPATH\Router\RouteCollection.php on line 1026.
 1 SYSTEMPATH\Router\RouteCollection.php(1026): trigger_error('Passing lowercase HTTP method "get" is deprecated. Use uppercase HTTP method like "GET".', 16384)
 2 APPPATH\Config\Routes.php(15): CodeIgniter\Router\RouteCollection->match([...], 'login/auth', 'Login::auth')
 3 SYSTEMPATH\Router\RouteCollection.php(339): require('C:\\laragon\\www\\Project Pweb2\\app\\Config\\Routes.php')
 4 SYSTEMPATH\CodeIgniter.php(821): CodeIgniter\Router\RouteCollection->loadRoutes()
 5 SYSTEMPATH\CodeIgniter.php(455): CodeIgniter\CodeIgniter->tryToRouteIt(null)
 6 SYSTEMPATH\CodeIgniter.php(354): CodeIgniter\CodeIgniter->handleRequest(null, Object(Config\Cache), false)
 7 SYSTEMPATH\Boot.php(363): CodeIgniter\CodeIgniter->run()
 8 SYSTEMPATH\Boot.php(68): CodeIgniter\Boot::runCodeIgniter(Object(CodeIgniter\CodeIgniter))
 9 FCPATH\index.php(59): CodeIgniter\Boot::bootWeb(Object(Config\Paths))
10 SYSTEMPATH\rewrite.php(44): require_once('C:\\laragon\\www\\Project Pweb2\\public\\index.php')
WARNING - 2025-12-19 03:34:47 --> [DEPRECATED] Passing lowercase HTTP method "post" is deprecated. Use uppercase HTTP method like "POST". in SYSTEMPATH\Router\RouteCollection.php on line 1026.
 1 SYSTEMPATH\Router\RouteCollection.php(1026): trigger_error('Passing lowercase HTTP method "post" is deprecated. Use uppercase HTTP method like "POST".', 16384)
 2 APPPATH\Config\Routes.php(15): CodeIgniter\Router\RouteCollection->match([...], 'login/auth', 'Login::auth')
 3 SYSTEMPATH\Router\RouteCollection.php(339): require('C:\\laragon\\www\\Project Pweb2\\app\\Config\\Routes.php')
 4 SYSTEMPATH\CodeIgniter.php(821): CodeIgniter\Router\RouteCollection->loadRoutes()
 5 SYSTEMPATH\CodeIgniter.php(455): CodeIgniter\CodeIgniter->tryToRouteIt(null)
 6 SYSTEMPATH\CodeIgniter.php(354): CodeIgniter\CodeIgniter->handleRequest(null, Object(Config\Cache), false)
 7 SYSTEMPATH\Boot.php(363): CodeIgniter\CodeIgniter->run()
 8 SYSTEMPATH\Boot.php(68): CodeIgniter\Boot::runCodeIgniter(Object(CodeIgniter\CodeIgniter))
 9 FCPATH\index.php(59): CodeIgniter\Boot::bootWeb(Object(Config\Paths))
10 SYSTEMPATH\rewrite.php(44): require_once('C:\\laragon\\www\\Project Pweb2\\public\\index.php')
DEBUG - 2025-12-19 03:34:47 --> Session: Class initialized using 'CodeIgniter\Session\Handlers\FileHandler' driver.
WARNING - 2025-12-19 03:34:50 --> [DEPRECATED] Passing lowercase HTTP method "get" is deprecated. Use uppercase HTTP method like "GET". in SYSTEMPATH\Router\RouteCollection.php on line 1026.
 1 SYSTEMPATH\Router\RouteCollection.php(1026): trigger_error('Passing lowercase HTTP method "get" is deprecated. Use uppercase HTTP method like "GET".', 16384)
 2 APPPATH\Config\Routes.php(15): CodeIgniter\Router\RouteCollection->match([...], 'login/auth', 'Login::auth')
 3 SYSTEMPATH\Router\RouteCollection.php(339): require('C:\\laragon\\www\\Project Pweb2\\app\\Config\\Routes.php')
 4 SYSTEMPATH\CodeIgniter.php(821): CodeIgniter\Router\RouteCollection->loadRoutes()
 5 SYSTEMPATH\CodeIgniter.php(455): CodeIgniter\CodeIgniter->tryToRouteIt(null)
 6 SYSTEMPATH\CodeIgniter.php(354): CodeIgniter\CodeIgniter->handleRequest(null, Object(Config\Cache), false)
 7 SYSTEMPATH\Boot.php(363): CodeIgniter\CodeIgniter->run()
 8 SYSTEMPATH\Boot.php(68): CodeIgniter\Boot::runCodeIgniter(Object(CodeIgniter\CodeIgniter))
 9 FCPATH\index.php(59): CodeIgniter\Boot::bootWeb(Object(Config\Paths))
10 SYSTEMPATH\rewrite.php(44): require_once('C:\\laragon\\www\\Project Pweb2\\public\\index.php')
WARNING - 2025-12-19 03:34:50 --> [DEPRECATED] Passing lowercase HTTP method "post" is deprecated. Use uppercase HTTP method like "POST". in SYSTEMPATH\Router\RouteCollection.php on line 1026.
 1 SYSTEMPATH\Router\RouteCollection.php(1026): trigger_error('Passing lowercase HTTP method "post" is deprecated. Use uppercase HTTP method like "POST".', 16384)
 2 APPPATH\Config\Routes.php(15): CodeIgniter\Router\RouteCollection->match([...], 'login/auth', 'Login::auth')
 3 SYSTEMPATH\Router\RouteCollection.php(339): require('C:\\laragon\\www\\Project Pweb2\\app\\Config\\Routes.php')
 4 SYSTEMPATH\CodeIgniter.php(821): CodeIgniter\Router\RouteCollection->loadRoutes()
 5 SYSTEMPATH\CodeIgniter.php(455): CodeIgniter\CodeIgniter->tryToRouteIt(null)
 6 SYSTEMPATH\CodeIgniter.php(354): CodeIgniter\CodeIgniter->handleRequest(null, Object(Config\Cache), false)
 7 SYSTEMPATH\Boot.php(363): CodeIgniter\CodeIgniter->run()
 8 SYSTEMPATH\Boot.php(68): CodeIgniter\Boot::runCodeIgniter(Object(CodeIgniter\CodeIgniter))
 9 FCPATH\index.php(59): CodeIgniter\Boot::bootWeb(Object(Config\Paths))
10 SYSTEMPATH\rewrite.php(44): require_once('C:\\laragon\\www\\Project Pweb2\\public\\index.php')
DEBUG - 2025-12-19 03:34:50 --> Session: Class initialized using 'CodeIgniter\Session\Handlers\FileHandler' driver.
WARNING - 2025-12-19 03:34:51 --> [DEPRECATED] Passing lowercase HTTP method "get" is deprecated. Use uppercase HTTP method like "GET". in SYSTEMPATH\Router\RouteCollection.php on line 1026.
 1 SYSTEMPATH\Router\RouteCollection.php(1026): trigger_error('Passing lowercase HTTP method "get" is deprecated. Use uppercase HTTP method like "GET".', 16384)
 2 APPPATH\Config\Routes.php(15): CodeIgniter\Router\RouteCollection->match([...], 'login/auth', 'Login::auth')
 3 SYSTEMPATH\Router\RouteCollection.php(339): require('C:\\laragon\\www\\Project Pweb2\\app\\Config\\Routes.php')
 4 SYSTEMPATH\CodeIgniter.php(821): CodeIgniter\Router\RouteCollection->loadRoutes()
 5 SYSTEMPATH\CodeIgniter.php(455): CodeIgniter\CodeIgniter->tryToRouteIt(null)
 6 SYSTEMPATH\CodeIgniter.php(354): CodeIgniter\CodeIgniter->handleRequest(null, Object(Config\Cache), false)
 7 SYSTEMPATH\Boot.php(363): CodeIgniter\CodeIgniter->run()
 8 SYSTEMPATH\Boot.php(68): CodeIgniter\Boot::runCodeIgniter(Object(CodeIgniter\CodeIgniter))
 9 FCPATH\index.php(59): CodeIgniter\Boot::bootWeb(Object(Config\Paths))
10 SYSTEMPATH\rewrite.php(44): require_once('C:\\laragon\\www\\Project Pweb2\\public\\index.php')
WARNING - 2025-12-19 03:34:51 --> [DEPRECATED] Passing lowercase HTTP method "post" is deprecated. Use uppercase HTTP method like "POST". in SYSTEMPATH\Router\RouteCollection.php on line 1026.
 1 SYSTEMPATH\Router\RouteCollection.php(1026): trigger_error('Passing lowercase HTTP method "post" is deprecated. Use uppercase HTTP method like "POST".', 16384)
 2 APPPATH\Config\Routes.php(15): CodeIgniter\Router\RouteCollection->match([...], 'login/auth', 'Login::auth')
 3 SYSTEMPATH\Router\RouteCollection.php(339): require('C:\\laragon\\www\\Project Pweb2\\app\\Config\\Routes.php')
 4 SYSTEMPATH\CodeIgniter.php(821): CodeIgniter\Router\RouteCollection->loadRoutes()
 5 SYSTEMPATH\CodeIgniter.php(455): CodeIgniter\CodeIgniter->tryToRouteIt(null)
 6 SYSTEMPATH\CodeIgniter.php(354): CodeIgniter\CodeIgniter->handleRequest(null, Object(Config\Cache), false)
 7 SYSTEMPATH\Boot.php(363): CodeIgniter\CodeIgniter->run()
 8 SYSTEMPATH\Boot.php(68): CodeIgniter\Boot::runCodeIgniter(Object(CodeIgniter\CodeIgniter))
 9 FCPATH\index.php(59): CodeIgniter\Boot::bootWeb(Object(Config\Paths))
10 SYSTEMPATH\rewrite.php(44): require_once('C:\\laragon\\www\\Project Pweb2\\public\\index.php')
WARNING - 2025-12-19 03:34:51 --> [DEPRECATED] Passing lowercase HTTP method "get" is deprecated. Use uppercase HTTP method like "GET". in SYSTEMPATH\Router\RouteCollection.php on line 1026.
 1 SYSTEMPATH\Router\RouteCollection.php(1026): trigger_error('Passing lowercase HTTP method "get" is deprecated. Use uppercase HTTP method like "GET".', 16384)
 2 APPPATH\Config\Routes.php(15): CodeIgniter\Router\RouteCollection->match([...], 'login/auth', 'Login::auth')
 3 SYSTEMPATH\Router\RouteCollection.php(339): require('C:\\laragon\\www\\Project Pweb2\\app\\Config\\Routes.php')
 4 SYSTEMPATH\CodeIgniter.php(821): CodeIgniter\Router\RouteCollection->loadRoutes()
 5 SYSTEMPATH\CodeIgniter.php(455): CodeIgniter\CodeIgniter->tryToRouteIt(null)
 6 SYSTEMPATH\CodeIgniter.php(354): CodeIgniter\CodeIgniter->handleRequest(null, Object(Config\Cache), false)
 7 SYSTEMPATH\Boot.php(363): CodeIgniter\CodeIgniter->run()
 8 SYSTEMPATH\Boot.php(68): CodeIgniter\Boot::runCodeIgniter(Object(CodeIgniter\CodeIgniter))
 9 FCPATH\index.php(59): CodeIgniter\Boot::bootWeb(Object(Config\Paths))
10 SYSTEMPATH\rewrite.php(44): require_once('C:\\laragon\\www\\Project Pweb2\\public\\index.php')
WARNING - 2025-12-19 03:34:51 --> [DEPRECATED] Passing lowercase HTTP method "post" is deprecated. Use uppercase HTTP method like "POST". in SYSTEMPATH\Router\RouteCollection.php on line 1026.
 1 SYSTEMPATH\Router\RouteCollection.php(1026): trigger_error('Passing lowercase HTTP method "post" is deprecated. Use uppercase HTTP method like "POST".', 16384)
 2 APPPATH\Config\Routes.php(15): CodeIgniter\Router\RouteCollection->match([...], 'login/auth', 'Login::auth')
 3 SYSTEMPATH\Router\RouteCollection.php(339): require('C:\\laragon\\www\\Project Pweb2\\app\\Config\\Routes.php')
 4 SYSTEMPATH\CodeIgniter.php(821): CodeIgniter\Router\RouteCollection->loadRoutes()
 5 SYSTEMPATH\CodeIgniter.php(455): CodeIgniter\CodeIgniter->tryToRouteIt(null)
 6 SYSTEMPATH\CodeIgniter.php(354): CodeIgniter\CodeIgniter->handleRequest(null, Object(Config\Cache), false)
 7 SYSTEMPATH\Boot.php(363): CodeIgniter\CodeIgniter->run()
 8 SYSTEMPATH\Boot.php(68): CodeIgniter\Boot::runCodeIgniter(Object(CodeIgniter\CodeIgniter))
 9 FCPATH\index.php(59): CodeIgniter\Boot::bootWeb(Object(Config\Paths))
10 SYSTEMPATH\rewrite.php(44): require_once('C:\\laragon\\www\\Project Pweb2\\public\\index.php')
DEBUG - 2025-12-19 03:34:51 --> Session: Class initialized using 'CodeIgniter\Session\Handlers\FileHandler' driver.
WARNING - 2025-12-19 03:34:52 --> [DEPRECATED] Passing lowercase HTTP method "get" is deprecated. Use uppercase HTTP method like "GET". in SYSTEMPATH\Router\RouteCollection.php on line 1026.
 1 SYSTEMPATH\Router\RouteCollection.php(1026): trigger_error('Passing lowercase HTTP method "get" is deprecated. Use uppercase HTTP method like "GET".', 16384)
 2 APPPATH\Config\Routes.php(15): CodeIgniter\Router\RouteCollection->match([...], 'login/auth', 'Login::auth')
 3 SYSTEMPATH\Router\RouteCollection.php(339): require('C:\\laragon\\www\\Project Pweb2\\app\\Config\\Routes.php')
 4 SYSTEMPATH\CodeIgniter.php(821): CodeIgniter\Router\RouteCollection->loadRoutes()
 5 SYSTEMPATH\CodeIgniter.php(455): CodeIgniter\CodeIgniter->tryToRouteIt(null)
 6 SYSTEMPATH\CodeIgniter.php(354): CodeIgniter\CodeIgniter->handleRequest(null, Object(Config\Cache), false)
 7 SYSTEMPATH\Boot.php(363): CodeIgniter\CodeIgniter->run()
 8 SYSTEMPATH\Boot.php(68): CodeIgniter\Boot::runCodeIgniter(Object(CodeIgniter\CodeIgniter))
 9 FCPATH\index.php(59): CodeIgniter\Boot::bootWeb(Object(Config\Paths))
10 SYSTEMPATH\rewrite.php(44): require_once('C:\\laragon\\www\\Project Pweb2\\public\\index.php')
WARNING - 2025-12-19 03:34:52 --> [DEPRECATED] Passing lowercase HTTP method "post" is deprecated. Use uppercase HTTP method like "POST". in SYSTEMPATH\Router\RouteCollection.php on line 1026.
 1 SYSTEMPATH\Router\RouteCollection.php(1026): trigger_error('Passing lowercase HTTP method "post" is deprecated. Use uppercase HTTP method like "POST".', 16384)
 2 APPPATH\Config\Routes.php(15): CodeIgniter\Router\RouteCollection->match([...], 'login/auth', 'Login::auth')
 3 SYSTEMPATH\Router\RouteCollection.php(339): require('C:\\laragon\\www\\Project Pweb2\\app\\Config\\Routes.php')
 4 SYSTEMPATH\CodeIgniter.php(821): CodeIgniter\Router\RouteCollection->loadRoutes()
 5 SYSTEMPATH\CodeIgniter.php(455): CodeIgniter\CodeIgniter->tryToRouteIt(null)
 6 SYSTEMPATH\CodeIgniter.php(354): CodeIgniter\CodeIgniter->handleRequest(null, Object(Config\Cache), false)
 7 SYSTEMPATH\Boot.php(363): CodeIgniter\CodeIgniter->run()
 8 SYSTEMPATH\Boot.php(68): CodeIgniter\Boot::runCodeIgniter(Object(CodeIgniter\CodeIgniter))
 9 FCPATH\index.php(59): CodeIgniter\Boot::bootWeb(Object(Config\Paths))
10 SYSTEMPATH\rewrite.php(44): require_once('C:\\laragon\\www\\Project Pweb2\\public\\index.php')
WARNING - 2025-12-19 03:34:53 --> [DEPRECATED] Passing lowercase HTTP method "get" is deprecated. Use uppercase HTTP method like "GET". in SYSTEMPATH\Router\RouteCollection.php on line 1026.
 1 SYSTEMPATH\Router\RouteCollection.php(1026): trigger_error('Passing lowercase HTTP method "get" is deprecated. Use uppercase HTTP method like "GET".', 16384)
 2 APPPATH\Config\Routes.php(15): CodeIgniter\Router\RouteCollection->match([...], 'login/auth', 'Login::auth')
 3 SYSTEMPATH\Router\RouteCollection.php(339): require('C:\\laragon\\www\\Project Pweb2\\app\\Config\\Routes.php')
 4 SYSTEMPATH\CodeIgniter.php(821): CodeIgniter\Router\RouteCollection->loadRoutes()
 5 SYSTEMPATH\CodeIgniter.php(455): CodeIgniter\CodeIgniter->tryToRouteIt(null)
 6 SYSTEMPATH\CodeIgniter.php(354): CodeIgniter\CodeIgniter->handleRequest(null, Object(Config\Cache), false)
 7 SYSTEMPATH\Boot.php(363): CodeIgniter\CodeIgniter->run()
 8 SYSTEMPATH\Boot.php(68): CodeIgniter\Boot::runCodeIgniter(Object(CodeIgniter\CodeIgniter))
 9 FCPATH\index.php(59): CodeIgniter\Boot::bootWeb(Object(Config\Paths))
10 SYSTEMPATH\rewrite.php(44): require_once('C:\\laragon\\www\\Project Pweb2\\public\\index.php')
WARNING - 2025-12-19 03:34:53 --> [DEPRECATED] Passing lowercase HTTP method "post" is deprecated. Use uppercase HTTP method like "POST". in SYSTEMPATH\Router\RouteCollection.php on line 1026.
 1 SYSTEMPATH\Router\RouteCollection.php(1026): trigger_error('Passing lowercase HTTP method "post" is deprecated. Use uppercase HTTP method like "POST".', 16384)
 2 APPPATH\Config\Routes.php(15): CodeIgniter\Router\RouteCollection->match([...], 'login/auth', 'Login::auth')
 3 SYSTEMPATH\Router\RouteCollection.php(339): require('C:\\laragon\\www\\Project Pweb2\\app\\Config\\Routes.php')
 4 SYSTEMPATH\CodeIgniter.php(821): CodeIgniter\Router\RouteCollection->loadRoutes()
 5 SYSTEMPATH\CodeIgniter.php(455): CodeIgniter\CodeIgniter->tryToRouteIt(null)
 6 SYSTEMPATH\CodeIgniter.php(354): CodeIgniter\CodeIgniter->handleRequest(null, Object(Config\Cache), false)
 7 SYSTEMPATH\Boot.php(363): CodeIgniter\CodeIgniter->run()
 8 SYSTEMPATH\Boot.php(68): CodeIgniter\Boot::runCodeIgniter(Object(CodeIgniter\CodeIgniter))
 9 FCPATH\index.php(59): CodeIgniter\Boot::bootWeb(Object(Config\Paths))
10 SYSTEMPATH\rewrite.php(44): require_once('C:\\laragon\\www\\Project Pweb2\\public\\index.php')
DEBUG - 2025-12-19 03:34:53 --> Session: Class initialized using 'CodeIgniter\Session\Handlers\FileHandler' driver.
WARNING - 2025-12-19 03:34:54 --> [DEPRECATED] Passing lowercase HTTP method "get" is deprecated. Use uppercase HTTP method like "GET". in SYSTEMPATH\Router\RouteCollection.php on line 1026.
 1 SYSTEMPATH\Router\RouteCollection.php(1026): trigger_error('Passing lowercase HTTP method "get" is deprecated. Use uppercase HTTP method like "GET".', 16384)
 2 APPPATH\Config\Routes.php(15): CodeIgniter\Router\RouteCollection->match([...], 'login/auth', 'Login::auth')
 3 SYSTEMPATH\Router\RouteCollection.php(339): require('C:\\laragon\\www\\Project Pweb2\\app\\Config\\Routes.php')
 4 SYSTEMPATH\CodeIgniter.php(821): CodeIgniter\Router\RouteCollection->loadRoutes()
 5 SYSTEMPATH\CodeIgniter.php(455): CodeIgniter\CodeIgniter->tryToRouteIt(null)
 6 SYSTEMPATH\CodeIgniter.php(354): CodeIgniter\CodeIgniter->handleRequest(null, Object(Config\Cache), false)
 7 SYSTEMPATH\Boot.php(363): CodeIgniter\CodeIgniter->run()
 8 SYSTEMPATH\Boot.php(68): CodeIgniter\Boot::runCodeIgniter(Object(CodeIgniter\CodeIgniter))
 9 FCPATH\index.php(59): CodeIgniter\Boot::bootWeb(Object(Config\Paths))
10 SYSTEMPATH\rewrite.php(44): require_once('C:\\laragon\\www\\Project Pweb2\\public\\index.php')
WARNING - 2025-12-19 03:34:54 --> [DEPRECATED] Passing lowercase HTTP method "post" is deprecated. Use uppercase HTTP method like "POST". in SYSTEMPATH\Router\RouteCollection.php on line 1026.
 1 SYSTEMPATH\Router\RouteCollection.php(1026): trigger_error('Passing lowercase HTTP method "post" is deprecated. Use uppercase HTTP method like "POST".', 16384)
 2 APPPATH\Config\Routes.php(15): CodeIgniter\Router\RouteCollection->match([...], 'login/auth', 'Login::auth')
 3 SYSTEMPATH\Router\RouteCollection.php(339): require('C:\\laragon\\www\\Project Pweb2\\app\\Config\\Routes.php')
 4 SYSTEMPATH\CodeIgniter.php(821): CodeIgniter\Router\RouteCollection->loadRoutes()
 5 SYSTEMPATH\CodeIgniter.php(455): CodeIgniter\CodeIgniter->tryToRouteIt(null)
 6 SYSTEMPATH\CodeIgniter.php(354): CodeIgniter\CodeIgniter->handleRequest(null, Object(Config\Cache), false)
 7 SYSTEMPATH\Boot.php(363): CodeIgniter\CodeIgniter->run()
 8 SYSTEMPATH\Boot.php(68): CodeIgniter\Boot::runCodeIgniter(Object(CodeIgniter\CodeIgniter))
 9 FCPATH\index.php(59): CodeIgniter\Boot::bootWeb(Object(Config\Paths))
10 SYSTEMPATH\rewrite.php(44): require_once('C:\\laragon\\www\\Project Pweb2\\public\\index.php')
WARNING - 2025-12-19 03:37:14 --> [DEPRECATED] Passing lowercase HTTP method "get" is deprecated. Use uppercase HTTP method like "GET". in SYSTEMPATH\Router\RouteCollection.php on line 1026.
 1 SYSTEMPATH\Router\RouteCollection.php(1026): trigger_error('Passing lowercase HTTP method "get" is deprecated. Use uppercase HTTP method like "GET".', 16384)
 2 APPPATH\Config\Routes.php(15): CodeIgniter\Router\RouteCollection->match([...], 'login/auth', 'Login::auth')
 3 SYSTEMPATH\Router\RouteCollection.php(339): require('C:\\laragon\\www\\Project Pweb2\\app\\Config\\Routes.php')
 4 SYSTEMPATH\CodeIgniter.php(821): CodeIgniter\Router\RouteCollection->loadRoutes()
 5 SYSTEMPATH\CodeIgniter.php(455): CodeIgniter\CodeIgniter->tryToRouteIt(null)
 6 SYSTEMPATH\CodeIgniter.php(354): CodeIgniter\CodeIgniter->handleRequest(null, Object(Config\Cache), false)
 7 SYSTEMPATH\Boot.php(363): CodeIgniter\CodeIgniter->run()
 8 SYSTEMPATH\Boot.php(68): CodeIgniter\Boot::runCodeIgniter(Object(CodeIgniter\CodeIgniter))
 9 FCPATH\index.php(59): CodeIgniter\Boot::bootWeb(Object(Config\Paths))
10 SYSTEMPATH\rewrite.php(44): require_once('C:\\laragon\\www\\Project Pweb2\\public\\index.php')
WARNING - 2025-12-19 03:37:14 --> [DEPRECATED] Passing lowercase HTTP method "post" is deprecated. Use uppercase HTTP method like "POST". in SYSTEMPATH\Router\RouteCollection.php on line 1026.
 1 SYSTEMPATH\Router\RouteCollection.php(1026): trigger_error('Passing lowercase HTTP method "post" is deprecated. Use uppercase HTTP method like "POST".', 16384)
 2 APPPATH\Config\Routes.php(15): CodeIgniter\Router\RouteCollection->match([...], 'login/auth', 'Login::auth')
 3 SYSTEMPATH\Router\RouteCollection.php(339): require('C:\\laragon\\www\\Project Pweb2\\app\\Config\\Routes.php')
 4 SYSTEMPATH\CodeIgniter.php(821): CodeIgniter\Router\RouteCollection->loadRoutes()
 5 SYSTEMPATH\CodeIgniter.php(455): CodeIgniter\CodeIgniter->tryToRouteIt(null)
 6 SYSTEMPATH\CodeIgniter.php(354): CodeIgniter\CodeIgniter->handleRequest(null, Object(Config\Cache), false)
 7 SYSTEMPATH\Boot.php(363): CodeIgniter\CodeIgniter->run()
 8 SYSTEMPATH\Boot.php(68): CodeIgniter\Boot::runCodeIgniter(Object(CodeIgniter\CodeIgniter))
 9 FCPATH\index.php(59): CodeIgniter\Boot::bootWeb(Object(Config\Paths))
10 SYSTEMPATH\rewrite.php(44): require_once('C:\\laragon\\www\\Project Pweb2\\public\\index.php')
DEBUG - 2025-12-19 03:37:14 --> Session: Class initialized using 'CodeIgniter\Session\Handlers\FileHandler' driver.
CRITICAL - 2025-12-19 03:37:15 --> CodeIgniter\View\Exceptions\ViewException: Invalid file: "admin/dashboard-admin.php"
[Method: GET, Route: admin/dashboard]
in SYSTEMPATH\Exceptions\FrameworkException.php on line 39.
 1 SYSTEMPATH\View\View.php(214): CodeIgniter\Exceptions\FrameworkException::forInvalidFile('admin/dashboard-admin.php')
 2 SYSTEMPATH\Common.php(1167): CodeIgniter\View\View->render('admin/dashboard-admin', [], true)
 3 APPPATH\Controllers\LayoutAdmin.php(92): view('admin/dashboard-admin', [...])
 4 SYSTEMPATH\CodeIgniter.php(933): App\Controllers\LayoutAdmin->dashboard_admin()
 5 SYSTEMPATH\CodeIgniter.php(507): CodeIgniter\CodeIgniter->runController(Object(App\Controllers\LayoutAdmin))
 6 SYSTEMPATH\CodeIgniter.php(354): CodeIgniter\CodeIgniter->handleRequest(null, Object(Config\Cache), false)
 7 SYSTEMPATH\Boot.php(363): CodeIgniter\CodeIgniter->run()
 8 SYSTEMPATH\Boot.php(68): CodeIgniter\Boot::runCodeIgniter(Object(CodeIgniter\CodeIgniter))
 9 FCPATH\index.php(59): CodeIgniter\Boot::bootWeb(Object(Config\Paths))
10 SYSTEMPATH\rewrite.php(44): require_once('C:\\laragon\\www\\Project Pweb2\\public\\index.php')
WARNING - 2025-12-19 03:37:22 --> [DEPRECATED] Passing lowercase HTTP method "get" is deprecated. Use uppercase HTTP method like "GET". in SYSTEMPATH\Router\RouteCollection.php on line 1026.
 1 SYSTEMPATH\Router\RouteCollection.php(1026): trigger_error('Passing lowercase HTTP method "get" is deprecated. Use uppercase HTTP method like "GET".', 16384)
 2 APPPATH\Config\Routes.php(15): CodeIgniter\Router\RouteCollection->match([...], 'login/auth', 'Login::auth')
 3 SYSTEMPATH\Router\RouteCollection.php(339): require('C:\\laragon\\www\\Project Pweb2\\app\\Config\\Routes.php')
 4 SYSTEMPATH\CodeIgniter.php(821): CodeIgniter\Router\RouteCollection->loadRoutes()
 5 SYSTEMPATH\CodeIgniter.php(455): CodeIgniter\CodeIgniter->tryToRouteIt(null)
 6 SYSTEMPATH\CodeIgniter.php(354): CodeIgniter\CodeIgniter->handleRequest(null, Object(Config\Cache), false)
 7 SYSTEMPATH\Boot.php(363): CodeIgniter\CodeIgniter->run()
 8 SYSTEMPATH\Boot.php(68): CodeIgniter\Boot::runCodeIgniter(Object(CodeIgniter\CodeIgniter))
 9 FCPATH\index.php(59): CodeIgniter\Boot::bootWeb(Object(Config\Paths))
10 SYSTEMPATH\rewrite.php(44): require_once('C:\\laragon\\www\\Project Pweb2\\public\\index.php')
WARNING - 2025-12-19 03:37:22 --> [DEPRECATED] Passing lowercase HTTP method "post" is deprecated. Use uppercase HTTP method like "POST". in SYSTEMPATH\Router\RouteCollection.php on line 1026.
 1 SYSTEMPATH\Router\RouteCollection.php(1026): trigger_error('Passing lowercase HTTP method "post" is deprecated. Use uppercase HTTP method like "POST".', 16384)
 2 APPPATH\Config\Routes.php(15): CodeIgniter\Router\RouteCollection->match([...], 'login/auth', 'Login::auth')
 3 SYSTEMPATH\Router\RouteCollection.php(339): require('C:\\laragon\\www\\Project Pweb2\\app\\Config\\Routes.php')
 4 SYSTEMPATH\CodeIgniter.php(821): CodeIgniter\Router\RouteCollection->loadRoutes()
 5 SYSTEMPATH\CodeIgniter.php(455): CodeIgniter\CodeIgniter->tryToRouteIt(null)
 6 SYSTEMPATH\CodeIgniter.php(354): CodeIgniter\CodeIgniter->handleRequest(null, Object(Config\Cache), false)
 7 SYSTEMPATH\Boot.php(363): CodeIgniter\CodeIgniter->run()
 8 SYSTEMPATH\Boot.php(68): CodeIgniter\Boot::runCodeIgniter(Object(CodeIgniter\CodeIgniter))
 9 FCPATH\index.php(59): CodeIgniter\Boot::bootWeb(Object(Config\Paths))
10 SYSTEMPATH\rewrite.php(44): require_once('C:\\laragon\\www\\Project Pweb2\\public\\index.php')
DEBUG - 2025-12-19 03:37:22 --> Session: Class initialized using 'CodeIgniter\Session\Handlers\FileHandler' driver.
WARNING - 2025-12-19 03:37:23 --> [DEPRECATED] Passing lowercase HTTP method "get" is deprecated. Use uppercase HTTP method like "GET". in SYSTEMPATH\Router\RouteCollection.php on line 1026.
 1 SYSTEMPATH\Router\RouteCollection.php(1026): trigger_error('Passing lowercase HTTP method "get" is deprecated. Use uppercase HTTP method like "GET".', 16384)
 2 APPPATH\Config\Routes.php(15): CodeIgniter\Router\RouteCollection->match([...], 'login/auth', 'Login::auth')
 3 SYSTEMPATH\Router\RouteCollection.php(339): require('C:\\laragon\\www\\Project Pweb2\\app\\Config\\Routes.php')
 4 SYSTEMPATH\CodeIgniter.php(821): CodeIgniter\Router\RouteCollection->loadRoutes()
 5 SYSTEMPATH\CodeIgniter.php(455): CodeIgniter\CodeIgniter->tryToRouteIt(null)
 6 SYSTEMPATH\CodeIgniter.php(354): CodeIgniter\CodeIgniter->handleRequest(null, Object(Config\Cache), false)
 7 SYSTEMPATH\Boot.php(363): CodeIgniter\CodeIgniter->run()
 8 SYSTEMPATH\Boot.php(68): CodeIgniter\Boot::runCodeIgniter(Object(CodeIgniter\CodeIgniter))
 9 FCPATH\index.php(59): CodeIgniter\Boot::bootWeb(Object(Config\Paths))
10 SYSTEMPATH\rewrite.php(44): require_once('C:\\laragon\\www\\Project Pweb2\\public\\index.php')
WARNING - 2025-12-19 03:37:23 --> [DEPRECATED] Passing lowercase HTTP method "post" is deprecated. Use uppercase HTTP method like "POST". in SYSTEMPATH\Router\RouteCollection.php on line 1026.
 1 SYSTEMPATH\Router\RouteCollection.php(1026): trigger_error('Passing lowercase HTTP method "post" is deprecated. Use uppercase HTTP method like "POST".', 16384)
 2 APPPATH\Config\Routes.php(15): CodeIgniter\Router\RouteCollection->match([...], 'login/auth', 'Login::auth')
 3 SYSTEMPATH\Router\RouteCollection.php(339): require('C:\\laragon\\www\\Project Pweb2\\app\\Config\\Routes.php')
 4 SYSTEMPATH\CodeIgniter.php(821): CodeIgniter\Router\RouteCollection->loadRoutes()
 5 SYSTEMPATH\CodeIgniter.php(455): CodeIgniter\CodeIgniter->tryToRouteIt(null)
 6 SYSTEMPATH\CodeIgniter.php(354): CodeIgniter\CodeIgniter->handleRequest(null, Object(Config\Cache), false)
 7 SYSTEMPATH\Boot.php(363): CodeIgniter\CodeIgniter->run()
 8 SYSTEMPATH\Boot.php(68): CodeIgniter\Boot::runCodeIgniter(Object(CodeIgniter\CodeIgniter))
 9 FCPATH\index.php(59): CodeIgniter\Boot::bootWeb(Object(Config\Paths))
10 SYSTEMPATH\rewrite.php(44): require_once('C:\\laragon\\www\\Project Pweb2\\public\\index.php')
WARNING - 2025-12-19 03:37:30 --> [DEPRECATED] Passing lowercase HTTP method "get" is deprecated. Use uppercase HTTP method like "GET". in SYSTEMPATH\Router\RouteCollection.php on line 1026.
 1 SYSTEMPATH\Router\RouteCollection.php(1026): trigger_error('Passing lowercase HTTP method "get" is deprecated. Use uppercase HTTP method like "GET".', 16384)
 2 APPPATH\Config\Routes.php(15): CodeIgniter\Router\RouteCollection->match([...], 'login/auth', 'Login::auth')
 3 SYSTEMPATH\Router\RouteCollection.php(339): require('C:\\laragon\\www\\Project Pweb2\\app\\Config\\Routes.php')
 4 SYSTEMPATH\CodeIgniter.php(821): CodeIgniter\Router\RouteCollection->loadRoutes()
 5 SYSTEMPATH\CodeIgniter.php(455): CodeIgniter\CodeIgniter->tryToRouteIt(null)
 6 SYSTEMPATH\CodeIgniter.php(354): CodeIgniter\CodeIgniter->handleRequest(null, Object(Config\Cache), false)
 7 SYSTEMPATH\Boot.php(363): CodeIgniter\CodeIgniter->run()
 8 SYSTEMPATH\Boot.php(68): CodeIgniter\Boot::runCodeIgniter(Object(CodeIgniter\CodeIgniter))
 9 FCPATH\index.php(59): CodeIgniter\Boot::bootWeb(Object(Config\Paths))
10 SYSTEMPATH\rewrite.php(44): require_once('C:\\laragon\\www\\Project Pweb2\\public\\index.php')
WARNING - 2025-12-19 03:37:30 --> [DEPRECATED] Passing lowercase HTTP method "post" is deprecated. Use uppercase HTTP method like "POST". in SYSTEMPATH\Router\RouteCollection.php on line 1026.
 1 SYSTEMPATH\Router\RouteCollection.php(1026): trigger_error('Passing lowercase HTTP method "post" is deprecated. Use uppercase HTTP method like "POST".', 16384)
 2 APPPATH\Config\Routes.php(15): CodeIgniter\Router\RouteCollection->match([...], 'login/auth', 'Login::auth')
 3 SYSTEMPATH\Router\RouteCollection.php(339): require('C:\\laragon\\www\\Project Pweb2\\app\\Config\\Routes.php')
 4 SYSTEMPATH\CodeIgniter.php(821): CodeIgniter\Router\RouteCollection->loadRoutes()
 5 SYSTEMPATH\CodeIgniter.php(455): CodeIgniter\CodeIgniter->tryToRouteIt(null)
 6 SYSTEMPATH\CodeIgniter.php(354): CodeIgniter\CodeIgniter->handleRequest(null, Object(Config\Cache), false)
 7 SYSTEMPATH\Boot.php(363): CodeIgniter\CodeIgniter->run()
 8 SYSTEMPATH\Boot.php(68): CodeIgniter\Boot::runCodeIgniter(Object(CodeIgniter\CodeIgniter))
 9 FCPATH\index.php(59): CodeIgniter\Boot::bootWeb(Object(Config\Paths))
10 SYSTEMPATH\rewrite.php(44): require_once('C:\\laragon\\www\\Project Pweb2\\public\\index.php')
DEBUG - 2025-12-19 03:37:30 --> Session: Class initialized using 'CodeIgniter\Session\Handlers\FileHandler' driver.
CRITICAL - 2025-12-19 03:37:30 --> CodeIgniter\View\Exceptions\ViewException: Invalid file: "admin/dashboard-admin.php"
[Method: GET, Route: admin/dashboard]
in SYSTEMPATH\Exceptions\FrameworkException.php on line 39.
 1 SYSTEMPATH\View\View.php(214): CodeIgniter\Exceptions\FrameworkException::forInvalidFile('admin/dashboard-admin.php')
 2 SYSTEMPATH\Common.php(1167): CodeIgniter\View\View->render('admin/dashboard-admin', [], true)
 3 APPPATH\Controllers\LayoutAdmin.php(92): view('admin/dashboard-admin', [...])
 4 SYSTEMPATH\CodeIgniter.php(933): App\Controllers\LayoutAdmin->dashboard_admin()
 5 SYSTEMPATH\CodeIgniter.php(507): CodeIgniter\CodeIgniter->runController(Object(App\Controllers\LayoutAdmin))
 6 SYSTEMPATH\CodeIgniter.php(354): CodeIgniter\CodeIgniter->handleRequest(null, Object(Config\Cache), false)
 7 SYSTEMPATH\Boot.php(363): CodeIgniter\CodeIgniter->run()
 8 SYSTEMPATH\Boot.php(68): CodeIgniter\Boot::runCodeIgniter(Object(CodeIgniter\CodeIgniter))
 9 FCPATH\index.php(59): CodeIgniter\Boot::bootWeb(Object(Config\Paths))
10 SYSTEMPATH\rewrite.php(44): require_once('C:\\laragon\\www\\Project Pweb2\\public\\index.php')
WARNING - 2025-12-19 03:38:59 --> [DEPRECATED] Passing lowercase HTTP method "get" is deprecated. Use uppercase HTTP method like "GET". in SYSTEMPATH\Router\RouteCollection.php on line 1026.
 1 SYSTEMPATH\Router\RouteCollection.php(1026): trigger_error('Passing lowercase HTTP method "get" is deprecated. Use uppercase HTTP method like "GET".', 16384)
 2 APPPATH\Config\Routes.php(15): CodeIgniter\Router\RouteCollection->match([...], 'login/auth', 'Login::auth')
 3 SYSTEMPATH\Router\RouteCollection.php(339): require('C:\\laragon\\www\\Project Pweb2\\app\\Config\\Routes.php')
 4 SYSTEMPATH\CodeIgniter.php(821): CodeIgniter\Router\RouteCollection->loadRoutes()
 5 SYSTEMPATH\CodeIgniter.php(455): CodeIgniter\CodeIgniter->tryToRouteIt(null)
 6 SYSTEMPATH\CodeIgniter.php(354): CodeIgniter\CodeIgniter->handleRequest(null, Object(Config\Cache), false)
 7 SYSTEMPATH\Boot.php(363): CodeIgniter\CodeIgniter->run()
 8 SYSTEMPATH\Boot.php(68): CodeIgniter\Boot::runCodeIgniter(Object(CodeIgniter\CodeIgniter))
 9 FCPATH\index.php(59): CodeIgniter\Boot::bootWeb(Object(Config\Paths))
10 SYSTEMPATH\rewrite.php(44): require_once('C:\\laragon\\www\\Project Pweb2\\public\\index.php')
WARNING - 2025-12-19 03:38:59 --> [DEPRECATED] Passing lowercase HTTP method "post" is deprecated. Use uppercase HTTP method like "POST". in SYSTEMPATH\Router\RouteCollection.php on line 1026.
 1 SYSTEMPATH\Router\RouteCollection.php(1026): trigger_error('Passing lowercase HTTP method "post" is deprecated. Use uppercase HTTP method like "POST".', 16384)
 2 APPPATH\Config\Routes.php(15): CodeIgniter\Router\RouteCollection->match([...], 'login/auth', 'Login::auth')
 3 SYSTEMPATH\Router\RouteCollection.php(339): require('C:\\laragon\\www\\Project Pweb2\\app\\Config\\Routes.php')
 4 SYSTEMPATH\CodeIgniter.php(821): CodeIgniter\Router\RouteCollection->loadRoutes()
 5 SYSTEMPATH\CodeIgniter.php(455): CodeIgniter\CodeIgniter->tryToRouteIt(null)
 6 SYSTEMPATH\CodeIgniter.php(354): CodeIgniter\CodeIgniter->handleRequest(null, Object(Config\Cache), false)
 7 SYSTEMPATH\Boot.php(363): CodeIgniter\CodeIgniter->run()
 8 SYSTEMPATH\Boot.php(68): CodeIgniter\Boot::runCodeIgniter(Object(CodeIgniter\CodeIgniter))
 9 FCPATH\index.php(59): CodeIgniter\Boot::bootWeb(Object(Config\Paths))
10 SYSTEMPATH\rewrite.php(44): require_once('C:\\laragon\\www\\Project Pweb2\\public\\index.php')
DEBUG - 2025-12-19 03:38:59 --> Session: Class initialized using 'CodeIgniter\Session\Handlers\FileHandler' driver.
WARNING - 2025-12-19 03:39:00 --> [DEPRECATED] Passing lowercase HTTP method "get" is deprecated. Use uppercase HTTP method like "GET". in SYSTEMPATH\Router\RouteCollection.php on line 1026.
 1 SYSTEMPATH\Router\RouteCollection.php(1026): trigger_error('Passing lowercase HTTP method "get" is deprecated. Use uppercase HTTP method like "GET".', 16384)
 2 APPPATH\Config\Routes.php(15): CodeIgniter\Router\RouteCollection->match([...], 'login/auth', 'Login::auth')
 3 SYSTEMPATH\Router\RouteCollection.php(339): require('C:\\laragon\\www\\Project Pweb2\\app\\Config\\Routes.php')
 4 SYSTEMPATH\CodeIgniter.php(821): CodeIgniter\Router\RouteCollection->loadRoutes()
 5 SYSTEMPATH\CodeIgniter.php(455): CodeIgniter\CodeIgniter->tryToRouteIt(null)
 6 SYSTEMPATH\CodeIgniter.php(354): CodeIgniter\CodeIgniter->handleRequest(null, Object(Config\Cache), false)
 7 SYSTEMPATH\Boot.php(363): CodeIgniter\CodeIgniter->run()
 8 SYSTEMPATH\Boot.php(68): CodeIgniter\Boot::runCodeIgniter(Object(CodeIgniter\CodeIgniter))
 9 FCPATH\index.php(59): CodeIgniter\Boot::bootWeb(Object(Config\Paths))
10 SYSTEMPATH\rewrite.php(44): require_once('C:\\laragon\\www\\Project Pweb2\\public\\index.php')
WARNING - 2025-12-19 03:39:00 --> [DEPRECATED] Passing lowercase HTTP method "post" is deprecated. Use uppercase HTTP method like "POST". in SYSTEMPATH\Router\RouteCollection.php on line 1026.
 1 SYSTEMPATH\Router\RouteCollection.php(1026): trigger_error('Passing lowercase HTTP method "post" is deprecated. Use uppercase HTTP method like "POST".', 16384)
 2 APPPATH\Config\Routes.php(15): CodeIgniter\Router\RouteCollection->match([...], 'login/auth', 'Login::auth')
 3 SYSTEMPATH\Router\RouteCollection.php(339): require('C:\\laragon\\www\\Project Pweb2\\app\\Config\\Routes.php')
 4 SYSTEMPATH\CodeIgniter.php(821): CodeIgniter\Router\RouteCollection->loadRoutes()
 5 SYSTEMPATH\CodeIgniter.php(455): CodeIgniter\CodeIgniter->tryToRouteIt(null)
 6 SYSTEMPATH\CodeIgniter.php(354): CodeIgniter\CodeIgniter->handleRequest(null, Object(Config\Cache), false)
 7 SYSTEMPATH\Boot.php(363): CodeIgniter\CodeIgniter->run()
 8 SYSTEMPATH\Boot.php(68): CodeIgniter\Boot::runCodeIgniter(Object(CodeIgniter\CodeIgniter))
 9 FCPATH\index.php(59): CodeIgniter\Boot::bootWeb(Object(Config\Paths))
10 SYSTEMPATH\rewrite.php(44): require_once('C:\\laragon\\www\\Project Pweb2\\public\\index.php')
WARNING - 2025-12-19 03:40:22 --> [DEPRECATED] Passing lowercase HTTP method "get" is deprecated. Use uppercase HTTP method like "GET". in SYSTEMPATH\Router\RouteCollection.php on line 1026.
 1 SYSTEMPATH\Router\RouteCollection.php(1026): trigger_error('Passing lowercase HTTP method "get" is deprecated. Use uppercase HTTP method like "GET".', 16384)
 2 APPPATH\Config\Routes.php(15): CodeIgniter\Router\RouteCollection->match([...], 'login/auth', 'Login::auth')
 3 SYSTEMPATH\Router\RouteCollection.php(339): require('C:\\laragon\\www\\Project Pweb2\\app\\Config\\Routes.php')
 4 SYSTEMPATH\CodeIgniter.php(821): CodeIgniter\Router\RouteCollection->loadRoutes()
 5 SYSTEMPATH\CodeIgniter.php(455): CodeIgniter\CodeIgniter->tryToRouteIt(null)
 6 SYSTEMPATH\CodeIgniter.php(354): CodeIgniter\CodeIgniter->handleRequest(null, Object(Config\Cache), false)
 7 SYSTEMPATH\Boot.php(363): CodeIgniter\CodeIgniter->run()
 8 SYSTEMPATH\Boot.php(68): CodeIgniter\Boot::runCodeIgniter(Object(CodeIgniter\CodeIgniter))
 9 FCPATH\index.php(59): CodeIgniter\Boot::bootWeb(Object(Config\Paths))
10 SYSTEMPATH\rewrite.php(44): require_once('C:\\laragon\\www\\Project Pweb2\\public\\index.php')
WARNING - 2025-12-19 03:40:22 --> [DEPRECATED] Passing lowercase HTTP method "post" is deprecated. Use uppercase HTTP method like "POST". in SYSTEMPATH\Router\RouteCollection.php on line 1026.
 1 SYSTEMPATH\Router\RouteCollection.php(1026): trigger_error('Passing lowercase HTTP method "post" is deprecated. Use uppercase HTTP method like "POST".', 16384)
 2 APPPATH\Config\Routes.php(15): CodeIgniter\Router\RouteCollection->match([...], 'login/auth', 'Login::auth')
 3 SYSTEMPATH\Router\RouteCollection.php(339): require('C:\\laragon\\www\\Project Pweb2\\app\\Config\\Routes.php')
 4 SYSTEMPATH\CodeIgniter.php(821): CodeIgniter\Router\RouteCollection->loadRoutes()
 5 SYSTEMPATH\CodeIgniter.php(455): CodeIgniter\CodeIgniter->tryToRouteIt(null)
 6 SYSTEMPATH\CodeIgniter.php(354): CodeIgniter\CodeIgniter->handleRequest(null, Object(Config\Cache), false)
 7 SYSTEMPATH\Boot.php(363): CodeIgniter\CodeIgniter->run()
 8 SYSTEMPATH\Boot.php(68): CodeIgniter\Boot::runCodeIgniter(Object(CodeIgniter\CodeIgniter))
 9 FCPATH\index.php(59): CodeIgniter\Boot::bootWeb(Object(Config\Paths))
10 SYSTEMPATH\rewrite.php(44): require_once('C:\\laragon\\www\\Project Pweb2\\public\\index.php')
DEBUG - 2025-12-19 03:40:22 --> Session: Class initialized using 'CodeIgniter\Session\Handlers\FileHandler' driver.
CRITICAL - 2025-12-19 03:40:22 --> ErrorException: Undefined variable $current_filter
[Method: GET, Route: admin/dashboard]
in APPPATH\Views\admin\dashboard.php on line 69.
 1 APPPATH\Views\admin\dashboard.php(69): CodeIgniter\Debug\Exceptions->errorHandler(2, 'Undefined variable $current_filter', 'C:\\laragon\\www\\Project Pweb2\\app\\Views\\admin\\dashboard.php', 69)
 2 SYSTEMPATH\View\View.php(226): include('C:\\laragon\\www\\Project Pweb2\\app\\Views\\admin\\dashboard.php')
 3 SYSTEMPATH\View\View.php(229): CodeIgniter\View\View->{closure:CodeIgniter\View\View::render():223}()
 4 SYSTEMPATH\Common.php(1167): CodeIgniter\View\View->render('admin/dashboard', [], true)
 5 APPPATH\Controllers\LayoutAdmin.php(76): view('admin/dashboard', [...])
 6 SYSTEMPATH\CodeIgniter.php(933): App\Controllers\LayoutAdmin->dashboard_admin()
 7 SYSTEMPATH\CodeIgniter.php(507): CodeIgniter\CodeIgniter->runController(Object(App\Controllers\LayoutAdmin))
 8 SYSTEMPATH\CodeIgniter.php(354): CodeIgniter\CodeIgniter->handleRequest(null, Object(Config\Cache), false)
 9 SYSTEMPATH\Boot.php(363): CodeIgniter\CodeIgniter->run()
10 SYSTEMPATH\Boot.php(68): CodeIgniter\Boot::runCodeIgniter(Object(CodeIgniter\CodeIgniter))
11 FCPATH\index.php(59): CodeIgniter\Boot::bootWeb(Object(Config\Paths))
12 SYSTEMPATH\rewrite.php(44): require_once('C:\\laragon\\www\\Project Pweb2\\public\\index.php')
WARNING - 2025-12-19 03:40:37 --> [DEPRECATED] Passing lowercase HTTP method "get" is deprecated. Use uppercase HTTP method like "GET". in SYSTEMPATH\Router\RouteCollection.php on line 1026.
 1 SYSTEMPATH\Router\RouteCollection.php(1026): trigger_error('Passing lowercase HTTP method "get" is deprecated. Use uppercase HTTP method like "GET".', 16384)
 2 APPPATH\Config\Routes.php(15): CodeIgniter\Router\RouteCollection->match([...], 'login/auth', 'Login::auth')
 3 SYSTEMPATH\Router\RouteCollection.php(339): require('C:\\laragon\\www\\Project Pweb2\\app\\Config\\Routes.php')
 4 SYSTEMPATH\CodeIgniter.php(821): CodeIgniter\Router\RouteCollection->loadRoutes()
 5 SYSTEMPATH\CodeIgniter.php(455): CodeIgniter\CodeIgniter->tryToRouteIt(null)
 6 SYSTEMPATH\CodeIgniter.php(354): CodeIgniter\CodeIgniter->handleRequest(null, Object(Config\Cache), false)
 7 SYSTEMPATH\Boot.php(363): CodeIgniter\CodeIgniter->run()
 8 SYSTEMPATH\Boot.php(68): CodeIgniter\Boot::runCodeIgniter(Object(CodeIgniter\CodeIgniter))
 9 FCPATH\index.php(59): CodeIgniter\Boot::bootWeb(Object(Config\Paths))
10 SYSTEMPATH\rewrite.php(44): require_once('C:\\laragon\\www\\Project Pweb2\\public\\index.php')
WARNING - 2025-12-19 03:40:37 --> [DEPRECATED] Passing lowercase HTTP method "post" is deprecated. Use uppercase HTTP method like "POST". in SYSTEMPATH\Router\RouteCollection.php on line 1026.
 1 SYSTEMPATH\Router\RouteCollection.php(1026): trigger_error('Passing lowercase HTTP method "post" is deprecated. Use uppercase HTTP method like "POST".', 16384)
 2 APPPATH\Config\Routes.php(15): CodeIgniter\Router\RouteCollection->match([...], 'login/auth', 'Login::auth')
 3 SYSTEMPATH\Router\RouteCollection.php(339): require('C:\\laragon\\www\\Project Pweb2\\app\\Config\\Routes.php')
 4 SYSTEMPATH\CodeIgniter.php(821): CodeIgniter\Router\RouteCollection->loadRoutes()
 5 SYSTEMPATH\CodeIgniter.php(455): CodeIgniter\CodeIgniter->tryToRouteIt(null)
 6 SYSTEMPATH\CodeIgniter.php(354): CodeIgniter\CodeIgniter->handleRequest(null, Object(Config\Cache), false)
 7 SYSTEMPATH\Boot.php(363): CodeIgniter\CodeIgniter->run()
 8 SYSTEMPATH\Boot.php(68): CodeIgniter\Boot::runCodeIgniter(Object(CodeIgniter\CodeIgniter))
 9 FCPATH\index.php(59): CodeIgniter\Boot::bootWeb(Object(Config\Paths))
10 SYSTEMPATH\rewrite.php(44): require_once('C:\\laragon\\www\\Project Pweb2\\public\\index.php')
DEBUG - 2025-12-19 03:40:37 --> Session: Class initialized using 'CodeIgniter\Session\Handlers\FileHandler' driver.
CRITICAL - 2025-12-19 03:40:37 --> CodeIgniter\View\Exceptions\ViewException: Invalid file: "admin/dashboard-admin.php"
[Method: GET, Route: admin/dashboard]
in SYSTEMPATH\Exceptions\FrameworkException.php on line 39.
 1 SYSTEMPATH\View\View.php(214): CodeIgniter\Exceptions\FrameworkException::forInvalidFile('admin/dashboard-admin.php')
 2 SYSTEMPATH\Common.php(1167): CodeIgniter\View\View->render('admin/dashboard-admin', [], true)
 3 APPPATH\Controllers\LayoutAdmin.php(58): view('admin/dashboard-admin', [...])
 4 SYSTEMPATH\CodeIgniter.php(933): App\Controllers\LayoutAdmin->dashboard_admin()
 5 SYSTEMPATH\CodeIgniter.php(507): CodeIgniter\CodeIgniter->runController(Object(App\Controllers\LayoutAdmin))
 6 SYSTEMPATH\CodeIgniter.php(354): CodeIgniter\CodeIgniter->handleRequest(null, Object(Config\Cache), false)
 7 SYSTEMPATH\Boot.php(363): CodeIgniter\CodeIgniter->run()
 8 SYSTEMPATH\Boot.php(68): CodeIgniter\Boot::runCodeIgniter(Object(CodeIgniter\CodeIgniter))
 9 FCPATH\index.php(59): CodeIgniter\Boot::bootWeb(Object(Config\Paths))
10 SYSTEMPATH\rewrite.php(44): require_once('C:\\laragon\\www\\Project Pweb2\\public\\index.php')
WARNING - 2025-12-19 03:40:43 --> [DEPRECATED] Passing lowercase HTTP method "get" is deprecated. Use uppercase HTTP method like "GET". in SYSTEMPATH\Router\RouteCollection.php on line 1026.
 1 SYSTEMPATH\Router\RouteCollection.php(1026): trigger_error('Passing lowercase HTTP method "get" is deprecated. Use uppercase HTTP method like "GET".', 16384)
 2 APPPATH\Config\Routes.php(15): CodeIgniter\Router\RouteCollection->match([...], 'login/auth', 'Login::auth')
 3 SYSTEMPATH\Router\RouteCollection.php(339): require('C:\\laragon\\www\\Project Pweb2\\app\\Config\\Routes.php')
 4 SYSTEMPATH\CodeIgniter.php(821): CodeIgniter\Router\RouteCollection->loadRoutes()
 5 SYSTEMPATH\CodeIgniter.php(455): CodeIgniter\CodeIgniter->tryToRouteIt(null)
 6 SYSTEMPATH\CodeIgniter.php(354): CodeIgniter\CodeIgniter->handleRequest(null, Object(Config\Cache), false)
 7 SYSTEMPATH\Boot.php(363): CodeIgniter\CodeIgniter->run()
 8 SYSTEMPATH\Boot.php(68): CodeIgniter\Boot::runCodeIgniter(Object(CodeIgniter\CodeIgniter))
 9 FCPATH\index.php(59): CodeIgniter\Boot::bootWeb(Object(Config\Paths))
10 SYSTEMPATH\rewrite.php(44): require_once('C:\\laragon\\www\\Project Pweb2\\public\\index.php')
WARNING - 2025-12-19 03:40:43 --> [DEPRECATED] Passing lowercase HTTP method "post" is deprecated. Use uppercase HTTP method like "POST". in SYSTEMPATH\Router\RouteCollection.php on line 1026.
 1 SYSTEMPATH\Router\RouteCollection.php(1026): trigger_error('Passing lowercase HTTP method "post" is deprecated. Use uppercase HTTP method like "POST".', 16384)
 2 APPPATH\Config\Routes.php(15): CodeIgniter\Router\RouteCollection->match([...], 'login/auth', 'Login::auth')
 3 SYSTEMPATH\Router\RouteCollection.php(339): require('C:\\laragon\\www\\Project Pweb2\\app\\Config\\Routes.php')
 4 SYSTEMPATH\CodeIgniter.php(821): CodeIgniter\Router\RouteCollection->loadRoutes()
 5 SYSTEMPATH\CodeIgniter.php(455): CodeIgniter\CodeIgniter->tryToRouteIt(null)
 6 SYSTEMPATH\CodeIgniter.php(354): CodeIgniter\CodeIgniter->handleRequest(null, Object(Config\Cache), false)
 7 SYSTEMPATH\Boot.php(363): CodeIgniter\CodeIgniter->run()
 8 SYSTEMPATH\Boot.php(68): CodeIgniter\Boot::runCodeIgniter(Object(CodeIgniter\CodeIgniter))
 9 FCPATH\index.php(59): CodeIgniter\Boot::bootWeb(Object(Config\Paths))
10 SYSTEMPATH\rewrite.php(44): require_once('C:\\laragon\\www\\Project Pweb2\\public\\index.php')
DEBUG - 2025-12-19 03:40:43 --> Session: Class initialized using 'CodeIgniter\Session\Handlers\FileHandler' driver.
CRITICAL - 2025-12-19 03:40:44 --> ErrorException: Undefined variable $current_filter
[Method: GET, Route: admin/dashboard]
in APPPATH\Views\admin\dashboard.php on line 69.
 1 APPPATH\Views\admin\dashboard.php(69): CodeIgniter\Debug\Exceptions->errorHandler(2, 'Undefined variable $current_filter', 'C:\\laragon\\www\\Project Pweb2\\app\\Views\\admin\\dashboard.php', 69)
 2 SYSTEMPATH\View\View.php(226): include('C:\\laragon\\www\\Project Pweb2\\app\\Views\\admin\\dashboard.php')
 3 SYSTEMPATH\View\View.php(229): CodeIgniter\View\View->{closure:CodeIgniter\View\View::render():223}()
 4 SYSTEMPATH\Common.php(1167): CodeIgniter\View\View->render('admin/dashboard', [], true)
 5 APPPATH\Controllers\LayoutAdmin.php(76): view('admin/dashboard', [...])
 6 SYSTEMPATH\CodeIgniter.php(933): App\Controllers\LayoutAdmin->dashboard_admin()
 7 SYSTEMPATH\CodeIgniter.php(507): CodeIgniter\CodeIgniter->runController(Object(App\Controllers\LayoutAdmin))
 8 SYSTEMPATH\CodeIgniter.php(354): CodeIgniter\CodeIgniter->handleRequest(null, Object(Config\Cache), false)
 9 SYSTEMPATH\Boot.php(363): CodeIgniter\CodeIgniter->run()
10 SYSTEMPATH\Boot.php(68): CodeIgniter\Boot::runCodeIgniter(Object(CodeIgniter\CodeIgniter))
11 FCPATH\index.php(59): CodeIgniter\Boot::bootWeb(Object(Config\Paths))
12 SYSTEMPATH\rewrite.php(44): require_once('C:\\laragon\\www\\Project Pweb2\\public\\index.php')
WARNING - 2025-12-19 03:41:40 --> [DEPRECATED] Passing lowercase HTTP method "get" is deprecated. Use uppercase HTTP method like "GET". in SYSTEMPATH\Router\RouteCollection.php on line 1026.
 1 SYSTEMPATH\Router\RouteCollection.php(1026): trigger_error('Passing lowercase HTTP method "get" is deprecated. Use uppercase HTTP method like "GET".', 16384)
 2 APPPATH\Config\Routes.php(15): CodeIgniter\Router\RouteCollection->match([...], 'login/auth', 'Login::auth')
 3 SYSTEMPATH\Router\RouteCollection.php(339): require('C:\\laragon\\www\\Project Pweb2\\app\\Config\\Routes.php')
 4 SYSTEMPATH\CodeIgniter.php(821): CodeIgniter\Router\RouteCollection->loadRoutes()
 5 SYSTEMPATH\CodeIgniter.php(455): CodeIgniter\CodeIgniter->tryToRouteIt(null)
 6 SYSTEMPATH\CodeIgniter.php(354): CodeIgniter\CodeIgniter->handleRequest(null, Object(Config\Cache), false)
 7 SYSTEMPATH\Boot.php(363): CodeIgniter\CodeIgniter->run()
 8 SYSTEMPATH\Boot.php(68): CodeIgniter\Boot::runCodeIgniter(Object(CodeIgniter\CodeIgniter))
 9 FCPATH\index.php(59): CodeIgniter\Boot::bootWeb(Object(Config\Paths))
10 SYSTEMPATH\rewrite.php(44): require_once('C:\\laragon\\www\\Project Pweb2\\public\\index.php')
WARNING - 2025-12-19 03:41:40 --> [DEPRECATED] Passing lowercase HTTP method "post" is deprecated. Use uppercase HTTP method like "POST". in SYSTEMPATH\Router\RouteCollection.php on line 1026.
 1 SYSTEMPATH\Router\RouteCollection.php(1026): trigger_error('Passing lowercase HTTP method "post" is deprecated. Use uppercase HTTP method like "POST".', 16384)
 2 APPPATH\Config\Routes.php(15): CodeIgniter\Router\RouteCollection->match([...], 'login/auth', 'Login::auth')
 3 SYSTEMPATH\Router\RouteCollection.php(339): require('C:\\laragon\\www\\Project Pweb2\\app\\Config\\Routes.php')
 4 SYSTEMPATH\CodeIgniter.php(821): CodeIgniter\Router\RouteCollection->loadRoutes()
 5 SYSTEMPATH\CodeIgniter.php(455): CodeIgniter\CodeIgniter->tryToRouteIt(null)
 6 SYSTEMPATH\CodeIgniter.php(354): CodeIgniter\CodeIgniter->handleRequest(null, Object(Config\Cache), false)
 7 SYSTEMPATH\Boot.php(363): CodeIgniter\CodeIgniter->run()
 8 SYSTEMPATH\Boot.php(68): CodeIgniter\Boot::runCodeIgniter(Object(CodeIgniter\CodeIgniter))
 9 FCPATH\index.php(59): CodeIgniter\Boot::bootWeb(Object(Config\Paths))
10 SYSTEMPATH\rewrite.php(44): require_once('C:\\laragon\\www\\Project Pweb2\\public\\index.php')
DEBUG - 2025-12-19 03:41:40 --> Session: Class initialized using 'CodeIgniter\Session\Handlers\FileHandler' driver.
ERROR - 2025-12-19 03:41:40 --> mysqli_sql_exception: Unknown column 'bookings.date' in 'field list' in C:\laragon\www\Project Pweb2\system\Database\MySQLi\Connection.php:327
Stack trace:
#0 C:\laragon\www\Project Pweb2\system\Database\MySQLi\Connection.php(327): mysqli->query('SELECT `booking...', 0)
#1 C:\laragon\www\Project Pweb2\system\Database\BaseConnection.php(729): CodeIgniter\Database\MySQLi\Connection->execute('SELECT `booking...')
#2 C:\laragon\www\Project Pweb2\system\Database\BaseConnection.php(646): CodeIgniter\Database\BaseConnection->simpleQuery('SELECT `booking...')
#3 C:\laragon\www\Project Pweb2\system\Database\BaseBuilder.php(1649): CodeIgniter\Database\BaseConnection->query('SELECT `booking...', Array, false)
#4 C:\laragon\www\Project Pweb2\app\Controllers\LayoutAdmin.php(104): CodeIgniter\Database\BaseBuilder->get()
#5 C:\laragon\www\Project Pweb2\system\CodeIgniter.php(933): App\Controllers\LayoutAdmin->dashboard_admin()
#6 C:\laragon\www\Project Pweb2\system\CodeIgniter.php(507): CodeIgniter\CodeIgniter->runController(Object(App\Controllers\LayoutAdmin))
#7 C:\laragon\www\Project Pweb2\system\CodeIgniter.php(354): CodeIgniter\CodeIgniter->handleRequest(NULL, Object(Config\Cache), false)
#8 C:\laragon\www\Project Pweb2\system\Boot.php(363): CodeIgniter\CodeIgniter->run()
#9 C:\laragon\www\Project Pweb2\system\Boot.php(68): CodeIgniter\Boot::runCodeIgniter(Object(CodeIgniter\CodeIgniter))
#10 C:\laragon\www\Project Pweb2\public\index.php(59): CodeIgniter\Boot::bootWeb(Object(Config\Paths))
#11 C:\laragon\www\Project Pweb2\system\rewrite.php(44): require_once('C:\\laragon\\www\\...')
#12 {main}
CRITICAL - 2025-12-19 03:41:40 --> CodeIgniter\Database\Exceptions\DatabaseException: Unknown column 'bookings.date' in 'field list'
[Method: GET, Route: admin/dashboard]
in SYSTEMPATH\Database\BaseConnection.php on line 684.
 1 SYSTEMPATH\Database\BaseBuilder.php(1649): CodeIgniter\Database\BaseConnection->query('SELECT `bookings`.`id` as `booking_id`, `bookings`.`time`, `bookings`.`date`, `bookings`.`created_at`, `bookings`.`status`, `bookings`.`total_price`, `users`.`name`, `users`.`email`, GROUP_CONCAT(booking_details.service_name SEPARATOR ", ") as service_list
FROM `bookings`
LEFT JOIN `users` ON `users`.`id` = `bookings`.`user_id`
LEFT JOIN `booking_details` ON `booking_details`.`booking_id` = `bookings`.`id`
WHERE `bookings`.`status` = :bookings.status:
GROUP BY `bookings`.`id`
ORDER BY `bookings`.`created_at` ASC', [...], false)
 2 APPPATH\Controllers\LayoutAdmin.php(104): CodeIgniter\Database\BaseBuilder->get()
 3 SYSTEMPATH\CodeIgniter.php(933): App\Controllers\LayoutAdmin->dashboard_admin()
 4 SYSTEMPATH\CodeIgniter.php(507): CodeIgniter\CodeIgniter->runController(Object(App\Controllers\LayoutAdmin))
 5 SYSTEMPATH\CodeIgniter.php(354): CodeIgniter\CodeIgniter->handleRequest(null, Object(Config\Cache), false)
 6 SYSTEMPATH\Boot.php(363): CodeIgniter\CodeIgniter->run()
 7 SYSTEMPATH\Boot.php(68): CodeIgniter\Boot::runCodeIgniter(Object(CodeIgniter\CodeIgniter))
 8 FCPATH\index.php(59): CodeIgniter\Boot::bootWeb(Object(Config\Paths))
 9 SYSTEMPATH\rewrite.php(44): require_once('C:\\laragon\\www\\Project Pweb2\\public\\index.php')
CRITICAL - 2025-12-19 03:41:40 --> [Caused by] CodeIgniter\Database\Exceptions\DatabaseException: Unknown column 'bookings.date' in 'field list'
in SYSTEMPATH\Database\MySQLi\Connection.php on line 332.
 1 SYSTEMPATH\Database\BaseConnection.php(729): CodeIgniter\Database\MySQLi\Connection->execute('SELECT `bookings`.`id` as `booking_id`, `bookings`.`time`, `bookings`.`date`, `bookings`.`created_at`, `bookings`.`status`, `bookings`.`total_price`, `users`.`name`, `users`.`email`, GROUP_CONCAT(booking_details.service_name SEPARATOR ", ") as service_list
FROM `bookings`
LEFT JOIN `users` ON `users`.`id` = `bookings`.`user_id`
LEFT JOIN `booking_details` ON `booking_details`.`booking_id` = `bookings`.`id`
WHERE `bookings`.`status` = \'pending\'
GROUP BY `bookings`.`id`
ORDER BY `bookings`.`created_at` ASC')
 2 SYSTEMPATH\Database\BaseConnection.php(646): CodeIgniter\Database\BaseConnection->simpleQuery('SELECT `bookings`.`id` as `booking_id`, `bookings`.`time`, `bookings`.`date`, `bookings`.`created_at`, `bookings`.`status`, `bookings`.`total_price`, `users`.`name`, `users`.`email`, GROUP_CONCAT(booking_details.service_name SEPARATOR ", ") as service_list
FROM `bookings`
LEFT JOIN `users` ON `users`.`id` = `bookings`.`user_id`
LEFT JOIN `booking_details` ON `booking_details`.`booking_id` = `bookings`.`id`
WHERE `bookings`.`status` = \'pending\'
GROUP BY `bookings`.`id`
ORDER BY `bookings`.`created_at` ASC')
 3 SYSTEMPATH\Database\BaseBuilder.php(1649): CodeIgniter\Database\BaseConnection->query('SELECT `bookings`.`id` as `booking_id`, `bookings`.`time`, `bookings`.`date`, `bookings`.`created_at`, `bookings`.`status`, `bookings`.`total_price`, `users`.`name`, `users`.`email`, GROUP_CONCAT(booking_details.service_name SEPARATOR ", ") as service_list
FROM `bookings`
LEFT JOIN `users` ON `users`.`id` = `bookings`.`user_id`
LEFT JOIN `booking_details` ON `booking_details`.`booking_id` = `bookings`.`id`
WHERE `bookings`.`status` = :bookings.status:
GROUP BY `bookings`.`id`
ORDER BY `bookings`.`created_at` ASC', [...], false)
 4 APPPATH\Controllers\LayoutAdmin.php(104): CodeIgniter\Database\BaseBuilder->get()
 5 SYSTEMPATH\CodeIgniter.php(933): App\Controllers\LayoutAdmin->dashboard_admin()
 6 SYSTEMPATH\CodeIgniter.php(507): CodeIgniter\CodeIgniter->runController(Object(App\Controllers\LayoutAdmin))
 7 SYSTEMPATH\CodeIgniter.php(354): CodeIgniter\CodeIgniter->handleRequest(null, Object(Config\Cache), false)
 8 SYSTEMPATH\Boot.php(363): CodeIgniter\CodeIgniter->run()
 9 SYSTEMPATH\Boot.php(68): CodeIgniter\Boot::runCodeIgniter(Object(CodeIgniter\CodeIgniter))
10 FCPATH\index.php(59): CodeIgniter\Boot::bootWeb(Object(Config\Paths))
11 SYSTEMPATH\rewrite.php(44): require_once('C:\\laragon\\www\\Project Pweb2\\public\\index.php')
CRITICAL - 2025-12-19 03:41:40 --> [Caused by] mysqli_sql_exception: Unknown column 'bookings.date' in 'field list'
in SYSTEMPATH\Database\MySQLi\Connection.php on line 327.
 1 SYSTEMPATH\Database\MySQLi\Connection.php(327): mysqli->query('SELECT `bookings`.`id` as `booking_id`, `bookings`.`time`, `bookings`.`date`, `bookings`.`created_at`, `bookings`.`status`, `bookings`.`total_price`, `users`.`name`, `users`.`email`, GROUP_CONCAT(booking_details.service_name SEPARATOR ", ") as service_list
FROM `bookings`
LEFT JOIN `users` ON `users`.`id` = `bookings`.`user_id`
LEFT JOIN `booking_details` ON `booking_details`.`booking_id` = `bookings`.`id`
WHERE `bookings`.`status` = \'pending\'
GROUP BY `bookings`.`id`
ORDER BY `bookings`.`created_at` ASC', 0)
 2 SYSTEMPATH\Database\BaseConnection.php(729): CodeIgniter\Database\MySQLi\Connection->execute('SELECT `bookings`.`id` as `booking_id`, `bookings`.`time`, `bookings`.`date`, `bookings`.`created_at`, `bookings`.`status`, `bookings`.`total_price`, `users`.`name`, `users`.`email`, GROUP_CONCAT(booking_details.service_name SEPARATOR ", ") as service_list
FROM `bookings`
LEFT JOIN `users` ON `users`.`id` = `bookings`.`user_id`
LEFT JOIN `booking_details` ON `booking_details`.`booking_id` = `bookings`.`id`
WHERE `bookings`.`status` = \'pending\'
GROUP BY `bookings`.`id`
ORDER BY `bookings`.`created_at` ASC')
 3 SYSTEMPATH\Database\BaseConnection.php(646): CodeIgniter\Database\BaseConnection->simpleQuery('SELECT `bookings`.`id` as `booking_id`, `bookings`.`time`, `bookings`.`date`, `bookings`.`created_at`, `bookings`.`status`, `bookings`.`total_price`, `users`.`name`, `users`.`email`, GROUP_CONCAT(booking_details.service_name SEPARATOR ", ") as service_list
FROM `bookings`
LEFT JOIN `users` ON `users`.`id` = `bookings`.`user_id`
LEFT JOIN `booking_details` ON `booking_details`.`booking_id` = `bookings`.`id`
WHERE `bookings`.`status` = \'pending\'
GROUP BY `bookings`.`id`
ORDER BY `bookings`.`created_at` ASC')
 4 SYSTEMPATH\Database\BaseBuilder.php(1649): CodeIgniter\Database\BaseConnection->query('SELECT `bookings`.`id` as `booking_id`, `bookings`.`time`, `bookings`.`date`, `bookings`.`created_at`, `bookings`.`status`, `bookings`.`total_price`, `users`.`name`, `users`.`email`, GROUP_CONCAT(booking_details.service_name SEPARATOR ", ") as service_list
FROM `bookings`
LEFT JOIN `users` ON `users`.`id` = `bookings`.`user_id`
LEFT JOIN `booking_details` ON `booking_details`.`booking_id` = `bookings`.`id`
WHERE `bookings`.`status` = :bookings.status:
GROUP BY `bookings`.`id`
ORDER BY `bookings`.`created_at` ASC', [...], false)
 5 APPPATH\Controllers\LayoutAdmin.php(104): CodeIgniter\Database\BaseBuilder->get()
 6 SYSTEMPATH\CodeIgniter.php(933): App\Controllers\LayoutAdmin->dashboard_admin()
 7 SYSTEMPATH\CodeIgniter.php(507): CodeIgniter\CodeIgniter->runController(Object(App\Controllers\LayoutAdmin))
 8 SYSTEMPATH\CodeIgniter.php(354): CodeIgniter\CodeIgniter->handleRequest(null, Object(Config\Cache), false)
 9 SYSTEMPATH\Boot.php(363): CodeIgniter\CodeIgniter->run()
10 SYSTEMPATH\Boot.php(68): CodeIgniter\Boot::runCodeIgniter(Object(CodeIgniter\CodeIgniter))
11 FCPATH\index.php(59): CodeIgniter\Boot::bootWeb(Object(Config\Paths))
12 SYSTEMPATH\rewrite.php(44): require_once('C:\\laragon\\www\\Project Pweb2\\public\\index.php')
WARNING - 2025-12-19 03:43:15 --> [DEPRECATED] Passing lowercase HTTP method "get" is deprecated. Use uppercase HTTP method like "GET". in SYSTEMPATH\Router\RouteCollection.php on line 1026.
 1 SYSTEMPATH\Router\RouteCollection.php(1026): trigger_error('Passing lowercase HTTP method "get" is deprecated. Use uppercase HTTP method like "GET".', 16384)
 2 APPPATH\Config\Routes.php(15): CodeIgniter\Router\RouteCollection->match([...], 'login/auth', 'Login::auth')
 3 SYSTEMPATH\Router\RouteCollection.php(339): require('C:\\laragon\\www\\Project Pweb2\\app\\Config\\Routes.php')
 4 SYSTEMPATH\CodeIgniter.php(821): CodeIgniter\Router\RouteCollection->loadRoutes()
 5 SYSTEMPATH\CodeIgniter.php(455): CodeIgniter\CodeIgniter->tryToRouteIt(null)
 6 SYSTEMPATH\CodeIgniter.php(354): CodeIgniter\CodeIgniter->handleRequest(null, Object(Config\Cache), false)
 7 SYSTEMPATH\Boot.php(363): CodeIgniter\CodeIgniter->run()
 8 SYSTEMPATH\Boot.php(68): CodeIgniter\Boot::runCodeIgniter(Object(CodeIgniter\CodeIgniter))
 9 FCPATH\index.php(59): CodeIgniter\Boot::bootWeb(Object(Config\Paths))
10 SYSTEMPATH\rewrite.php(44): require_once('C:\\laragon\\www\\Project Pweb2\\public\\index.php')
WARNING - 2025-12-19 03:43:15 --> [DEPRECATED] Passing lowercase HTTP method "post" is deprecated. Use uppercase HTTP method like "POST". in SYSTEMPATH\Router\RouteCollection.php on line 1026.
 1 SYSTEMPATH\Router\RouteCollection.php(1026): trigger_error('Passing lowercase HTTP method "post" is deprecated. Use uppercase HTTP method like "POST".', 16384)
 2 APPPATH\Config\Routes.php(15): CodeIgniter\Router\RouteCollection->match([...], 'login/auth', 'Login::auth')
 3 SYSTEMPATH\Router\RouteCollection.php(339): require('C:\\laragon\\www\\Project Pweb2\\app\\Config\\Routes.php')
 4 SYSTEMPATH\CodeIgniter.php(821): CodeIgniter\Router\RouteCollection->loadRoutes()
 5 SYSTEMPATH\CodeIgniter.php(455): CodeIgniter\CodeIgniter->tryToRouteIt(null)
 6 SYSTEMPATH\CodeIgniter.php(354): CodeIgniter\CodeIgniter->handleRequest(null, Object(Config\Cache), false)
 7 SYSTEMPATH\Boot.php(363): CodeIgniter\CodeIgniter->run()
 8 SYSTEMPATH\Boot.php(68): CodeIgniter\Boot::runCodeIgniter(Object(CodeIgniter\CodeIgniter))
 9 FCPATH\index.php(59): CodeIgniter\Boot::bootWeb(Object(Config\Paths))
10 SYSTEMPATH\rewrite.php(44): require_once('C:\\laragon\\www\\Project Pweb2\\public\\index.php')
DEBUG - 2025-12-19 03:43:15 --> Session: Class initialized using 'CodeIgniter\Session\Handlers\FileHandler' driver.
WARNING - 2025-12-19 03:43:17 --> [DEPRECATED] Passing lowercase HTTP method "get" is deprecated. Use uppercase HTTP method like "GET". in SYSTEMPATH\Router\RouteCollection.php on line 1026.
 1 SYSTEMPATH\Router\RouteCollection.php(1026): trigger_error('Passing lowercase HTTP method "get" is deprecated. Use uppercase HTTP method like "GET".', 16384)
 2 APPPATH\Config\Routes.php(15): CodeIgniter\Router\RouteCollection->match([...], 'login/auth', 'Login::auth')
 3 SYSTEMPATH\Router\RouteCollection.php(339): require('C:\\laragon\\www\\Project Pweb2\\app\\Config\\Routes.php')
 4 SYSTEMPATH\CodeIgniter.php(821): CodeIgniter\Router\RouteCollection->loadRoutes()
 5 SYSTEMPATH\CodeIgniter.php(455): CodeIgniter\CodeIgniter->tryToRouteIt(null)
 6 SYSTEMPATH\CodeIgniter.php(354): CodeIgniter\CodeIgniter->handleRequest(null, Object(Config\Cache), false)
 7 SYSTEMPATH\Boot.php(363): CodeIgniter\CodeIgniter->run()
 8 SYSTEMPATH\Boot.php(68): CodeIgniter\Boot::runCodeIgniter(Object(CodeIgniter\CodeIgniter))
 9 FCPATH\index.php(59): CodeIgniter\Boot::bootWeb(Object(Config\Paths))
10 SYSTEMPATH\rewrite.php(44): require_once('C:\\laragon\\www\\Project Pweb2\\public\\index.php')
WARNING - 2025-12-19 03:43:17 --> [DEPRECATED] Passing lowercase HTTP method "post" is deprecated. Use uppercase HTTP method like "POST". in SYSTEMPATH\Router\RouteCollection.php on line 1026.
 1 SYSTEMPATH\Router\RouteCollection.php(1026): trigger_error('Passing lowercase HTTP method "post" is deprecated. Use uppercase HTTP method like "POST".', 16384)
 2 APPPATH\Config\Routes.php(15): CodeIgniter\Router\RouteCollection->match([...], 'login/auth', 'Login::auth')
 3 SYSTEMPATH\Router\RouteCollection.php(339): require('C:\\laragon\\www\\Project Pweb2\\app\\Config\\Routes.php')
 4 SYSTEMPATH\CodeIgniter.php(821): CodeIgniter\Router\RouteCollection->loadRoutes()
 5 SYSTEMPATH\CodeIgniter.php(455): CodeIgniter\CodeIgniter->tryToRouteIt(null)
 6 SYSTEMPATH\CodeIgniter.php(354): CodeIgniter\CodeIgniter->handleRequest(null, Object(Config\Cache), false)
 7 SYSTEMPATH\Boot.php(363): CodeIgniter\CodeIgniter->run()
 8 SYSTEMPATH\Boot.php(68): CodeIgniter\Boot::runCodeIgniter(Object(CodeIgniter\CodeIgniter))
 9 FCPATH\index.php(59): CodeIgniter\Boot::bootWeb(Object(Config\Paths))
10 SYSTEMPATH\rewrite.php(44): require_once('C:\\laragon\\www\\Project Pweb2\\public\\index.php')
DEBUG - 2025-12-19 03:43:17 --> Session: Class initialized using 'CodeIgniter\Session\Handlers\FileHandler' driver.
WARNING - 2025-12-19 03:43:20 --> [DEPRECATED] Passing lowercase HTTP method "get" is deprecated. Use uppercase HTTP method like "GET". in SYSTEMPATH\Router\RouteCollection.php on line 1026.
 1 SYSTEMPATH\Router\RouteCollection.php(1026): trigger_error('Passing lowercase HTTP method "get" is deprecated. Use uppercase HTTP method like "GET".', 16384)
 2 APPPATH\Config\Routes.php(15): CodeIgniter\Router\RouteCollection->match([...], 'login/auth', 'Login::auth')
 3 SYSTEMPATH\Router\RouteCollection.php(339): require('C:\\laragon\\www\\Project Pweb2\\app\\Config\\Routes.php')
 4 SYSTEMPATH\CodeIgniter.php(821): CodeIgniter\Router\RouteCollection->loadRoutes()
 5 SYSTEMPATH\CodeIgniter.php(455): CodeIgniter\CodeIgniter->tryToRouteIt(null)
 6 SYSTEMPATH\CodeIgniter.php(354): CodeIgniter\CodeIgniter->handleRequest(null, Object(Config\Cache), false)
 7 SYSTEMPATH\Boot.php(363): CodeIgniter\CodeIgniter->run()
 8 SYSTEMPATH\Boot.php(68): CodeIgniter\Boot::runCodeIgniter(Object(CodeIgniter\CodeIgniter))
 9 FCPATH\index.php(59): CodeIgniter\Boot::bootWeb(Object(Config\Paths))
10 SYSTEMPATH\rewrite.php(44): require_once('C:\\laragon\\www\\Project Pweb2\\public\\index.php')
WARNING - 2025-12-19 03:43:20 --> [DEPRECATED] Passing lowercase HTTP method "post" is deprecated. Use uppercase HTTP method like "POST". in SYSTEMPATH\Router\RouteCollection.php on line 1026.
 1 SYSTEMPATH\Router\RouteCollection.php(1026): trigger_error('Passing lowercase HTTP method "post" is deprecated. Use uppercase HTTP method like "POST".', 16384)
 2 APPPATH\Config\Routes.php(15): CodeIgniter\Router\RouteCollection->match([...], 'login/auth', 'Login::auth')
 3 SYSTEMPATH\Router\RouteCollection.php(339): require('C:\\laragon\\www\\Project Pweb2\\app\\Config\\Routes.php')
 4 SYSTEMPATH\CodeIgniter.php(821): CodeIgniter\Router\RouteCollection->loadRoutes()
 5 SYSTEMPATH\CodeIgniter.php(455): CodeIgniter\CodeIgniter->tryToRouteIt(null)
 6 SYSTEMPATH\CodeIgniter.php(354): CodeIgniter\CodeIgniter->handleRequest(null, Object(Config\Cache), false)
 7 SYSTEMPATH\Boot.php(363): CodeIgniter\CodeIgniter->run()
 8 SYSTEMPATH\Boot.php(68): CodeIgniter\Boot::runCodeIgniter(Object(CodeIgniter\CodeIgniter))
 9 FCPATH\index.php(59): CodeIgniter\Boot::bootWeb(Object(Config\Paths))
10 SYSTEMPATH\rewrite.php(44): require_once('C:\\laragon\\www\\Project Pweb2\\public\\index.php')
DEBUG - 2025-12-19 03:43:20 --> Session: Class initialized using 'CodeIgniter\Session\Handlers\FileHandler' driver.
WARNING - 2025-12-19 03:43:22 --> [DEPRECATED] Passing lowercase HTTP method "get" is deprecated. Use uppercase HTTP method like "GET". in SYSTEMPATH\Router\RouteCollection.php on line 1026.
 1 SYSTEMPATH\Router\RouteCollection.php(1026): trigger_error('Passing lowercase HTTP method "get" is deprecated. Use uppercase HTTP method like "GET".', 16384)
 2 APPPATH\Config\Routes.php(15): CodeIgniter\Router\RouteCollection->match([...], 'login/auth', 'Login::auth')
 3 SYSTEMPATH\Router\RouteCollection.php(339): require('C:\\laragon\\www\\Project Pweb2\\app\\Config\\Routes.php')
 4 SYSTEMPATH\CodeIgniter.php(821): CodeIgniter\Router\RouteCollection->loadRoutes()
 5 SYSTEMPATH\CodeIgniter.php(455): CodeIgniter\CodeIgniter->tryToRouteIt(null)
 6 SYSTEMPATH\CodeIgniter.php(354): CodeIgniter\CodeIgniter->handleRequest(null, Object(Config\Cache), false)
 7 SYSTEMPATH\Boot.php(363): CodeIgniter\CodeIgniter->run()
 8 SYSTEMPATH\Boot.php(68): CodeIgniter\Boot::runCodeIgniter(Object(CodeIgniter\CodeIgniter))
 9 FCPATH\index.php(59): CodeIgniter\Boot::bootWeb(Object(Config\Paths))
10 SYSTEMPATH\rewrite.php(44): require_once('C:\\laragon\\www\\Project Pweb2\\public\\index.php')
WARNING - 2025-12-19 03:43:22 --> [DEPRECATED] Passing lowercase HTTP method "post" is deprecated. Use uppercase HTTP method like "POST". in SYSTEMPATH\Router\RouteCollection.php on line 1026.
 1 SYSTEMPATH\Router\RouteCollection.php(1026): trigger_error('Passing lowercase HTTP method "post" is deprecated. Use uppercase HTTP method like "POST".', 16384)
 2 APPPATH\Config\Routes.php(15): CodeIgniter\Router\RouteCollection->match([...], 'login/auth', 'Login::auth')
 3 SYSTEMPATH\Router\RouteCollection.php(339): require('C:\\laragon\\www\\Project Pweb2\\app\\Config\\Routes.php')
 4 SYSTEMPATH\CodeIgniter.php(821): CodeIgniter\Router\RouteCollection->loadRoutes()
 5 SYSTEMPATH\CodeIgniter.php(455): CodeIgniter\CodeIgniter->tryToRouteIt(null)
 6 SYSTEMPATH\CodeIgniter.php(354): CodeIgniter\CodeIgniter->handleRequest(null, Object(Config\Cache), false)
 7 SYSTEMPATH\Boot.php(363): CodeIgniter\CodeIgniter->run()
 8 SYSTEMPATH\Boot.php(68): CodeIgniter\Boot::runCodeIgniter(Object(CodeIgniter\CodeIgniter))
 9 FCPATH\index.php(59): CodeIgniter\Boot::bootWeb(Object(Config\Paths))
10 SYSTEMPATH\rewrite.php(44): require_once('C:\\laragon\\www\\Project Pweb2\\public\\index.php')
DEBUG - 2025-12-19 03:43:22 --> Session: Class initialized using 'CodeIgniter\Session\Handlers\FileHandler' driver.
WARNING - 2025-12-19 03:43:25 --> [DEPRECATED] Passing lowercase HTTP method "get" is deprecated. Use uppercase HTTP method like "GET". in SYSTEMPATH\Router\RouteCollection.php on line 1026.
 1 SYSTEMPATH\Router\RouteCollection.php(1026): trigger_error('Passing lowercase HTTP method "get" is deprecated. Use uppercase HTTP method like "GET".', 16384)
 2 APPPATH\Config\Routes.php(15): CodeIgniter\Router\RouteCollection->match([...], 'login/auth', 'Login::auth')
 3 SYSTEMPATH\Router\RouteCollection.php(339): require('C:\\laragon\\www\\Project Pweb2\\app\\Config\\Routes.php')
 4 SYSTEMPATH\CodeIgniter.php(821): CodeIgniter\Router\RouteCollection->loadRoutes()
 5 SYSTEMPATH\CodeIgniter.php(455): CodeIgniter\CodeIgniter->tryToRouteIt(null)
 6 SYSTEMPATH\CodeIgniter.php(354): CodeIgniter\CodeIgniter->handleRequest(null, Object(Config\Cache), false)
 7 SYSTEMPATH\Boot.php(363): CodeIgniter\CodeIgniter->run()
 8 SYSTEMPATH\Boot.php(68): CodeIgniter\Boot::runCodeIgniter(Object(CodeIgniter\CodeIgniter))
 9 FCPATH\index.php(59): CodeIgniter\Boot::bootWeb(Object(Config\Paths))
10 SYSTEMPATH\rewrite.php(44): require_once('C:\\laragon\\www\\Project Pweb2\\public\\index.php')
WARNING - 2025-12-19 03:43:25 --> [DEPRECATED] Passing lowercase HTTP method "post" is deprecated. Use uppercase HTTP method like "POST". in SYSTEMPATH\Router\RouteCollection.php on line 1026.
 1 SYSTEMPATH\Router\RouteCollection.php(1026): trigger_error('Passing lowercase HTTP method "post" is deprecated. Use uppercase HTTP method like "POST".', 16384)
 2 APPPATH\Config\Routes.php(15): CodeIgniter\Router\RouteCollection->match([...], 'login/auth', 'Login::auth')
 3 SYSTEMPATH\Router\RouteCollection.php(339): require('C:\\laragon\\www\\Project Pweb2\\app\\Config\\Routes.php')
 4 SYSTEMPATH\CodeIgniter.php(821): CodeIgniter\Router\RouteCollection->loadRoutes()
 5 SYSTEMPATH\CodeIgniter.php(455): CodeIgniter\CodeIgniter->tryToRouteIt(null)
 6 SYSTEMPATH\CodeIgniter.php(354): CodeIgniter\CodeIgniter->handleRequest(null, Object(Config\Cache), false)
 7 SYSTEMPATH\Boot.php(363): CodeIgniter\CodeIgniter->run()
 8 SYSTEMPATH\Boot.php(68): CodeIgniter\Boot::runCodeIgniter(Object(CodeIgniter\CodeIgniter))
 9 FCPATH\index.php(59): CodeIgniter\Boot::bootWeb(Object(Config\Paths))
10 SYSTEMPATH\rewrite.php(44): require_once('C:\\laragon\\www\\Project Pweb2\\public\\index.php')
DEBUG - 2025-12-19 03:43:25 --> Session: Class initialized using 'CodeIgniter\Session\Handlers\FileHandler' driver.
WARNING - 2025-12-19 03:43:27 --> [DEPRECATED] Passing lowercase HTTP method "get" is deprecated. Use uppercase HTTP method like "GET". in SYSTEMPATH\Router\RouteCollection.php on line 1026.
 1 SYSTEMPATH\Router\RouteCollection.php(1026): trigger_error('Passing lowercase HTTP method "get" is deprecated. Use uppercase HTTP method like "GET".', 16384)
 2 APPPATH\Config\Routes.php(15): CodeIgniter\Router\RouteCollection->match([...], 'login/auth', 'Login::auth')
 3 SYSTEMPATH\Router\RouteCollection.php(339): require('C:\\laragon\\www\\Project Pweb2\\app\\Config\\Routes.php')
 4 SYSTEMPATH\CodeIgniter.php(821): CodeIgniter\Router\RouteCollection->loadRoutes()
 5 SYSTEMPATH\CodeIgniter.php(455): CodeIgniter\CodeIgniter->tryToRouteIt(null)
 6 SYSTEMPATH\CodeIgniter.php(354): CodeIgniter\CodeIgniter->handleRequest(null, Object(Config\Cache), false)
 7 SYSTEMPATH\Boot.php(363): CodeIgniter\CodeIgniter->run()
 8 SYSTEMPATH\Boot.php(68): CodeIgniter\Boot::runCodeIgniter(Object(CodeIgniter\CodeIgniter))
 9 FCPATH\index.php(59): CodeIgniter\Boot::bootWeb(Object(Config\Paths))
10 SYSTEMPATH\rewrite.php(44): require_once('C:\\laragon\\www\\Project Pweb2\\public\\index.php')
WARNING - 2025-12-19 03:43:27 --> [DEPRECATED] Passing lowercase HTTP method "post" is deprecated. Use uppercase HTTP method like "POST". in SYSTEMPATH\Router\RouteCollection.php on line 1026.
 1 SYSTEMPATH\Router\RouteCollection.php(1026): trigger_error('Passing lowercase HTTP method "post" is deprecated. Use uppercase HTTP method like "POST".', 16384)
 2 APPPATH\Config\Routes.php(15): CodeIgniter\Router\RouteCollection->match([...], 'login/auth', 'Login::auth')
 3 SYSTEMPATH\Router\RouteCollection.php(339): require('C:\\laragon\\www\\Project Pweb2\\app\\Config\\Routes.php')
 4 SYSTEMPATH\CodeIgniter.php(821): CodeIgniter\Router\RouteCollection->loadRoutes()
 5 SYSTEMPATH\CodeIgniter.php(455): CodeIgniter\CodeIgniter->tryToRouteIt(null)
 6 SYSTEMPATH\CodeIgniter.php(354): CodeIgniter\CodeIgniter->handleRequest(null, Object(Config\Cache), false)
 7 SYSTEMPATH\Boot.php(363): CodeIgniter\CodeIgniter->run()
 8 SYSTEMPATH\Boot.php(68): CodeIgniter\Boot::runCodeIgniter(Object(CodeIgniter\CodeIgniter))
 9 FCPATH\index.php(59): CodeIgniter\Boot::bootWeb(Object(Config\Paths))
10 SYSTEMPATH\rewrite.php(44): require_once('C:\\laragon\\www\\Project Pweb2\\public\\index.php')
DEBUG - 2025-12-19 03:43:27 --> Session: Class initialized using 'CodeIgniter\Session\Handlers\FileHandler' driver.
WARNING - 2025-12-19 03:43:28 --> [DEPRECATED] Passing lowercase HTTP method "get" is deprecated. Use uppercase HTTP method like "GET". in SYSTEMPATH\Router\RouteCollection.php on line 1026.
 1 SYSTEMPATH\Router\RouteCollection.php(1026): trigger_error('Passing lowercase HTTP method "get" is deprecated. Use uppercase HTTP method like "GET".', 16384)
 2 APPPATH\Config\Routes.php(15): CodeIgniter\Router\RouteCollection->match([...], 'login/auth', 'Login::auth')
 3 SYSTEMPATH\Router\RouteCollection.php(339): require('C:\\laragon\\www\\Project Pweb2\\app\\Config\\Routes.php')
 4 SYSTEMPATH\CodeIgniter.php(821): CodeIgniter\Router\RouteCollection->loadRoutes()
 5 SYSTEMPATH\CodeIgniter.php(455): CodeIgniter\CodeIgniter->tryToRouteIt(null)
 6 SYSTEMPATH\CodeIgniter.php(354): CodeIgniter\CodeIgniter->handleRequest(null, Object(Config\Cache), false)
 7 SYSTEMPATH\Boot.php(363): CodeIgniter\CodeIgniter->run()
 8 SYSTEMPATH\Boot.php(68): CodeIgniter\Boot::runCodeIgniter(Object(CodeIgniter\CodeIgniter))
 9 FCPATH\index.php(59): CodeIgniter\Boot::bootWeb(Object(Config\Paths))
10 SYSTEMPATH\rewrite.php(44): require_once('C:\\laragon\\www\\Project Pweb2\\public\\index.php')
WARNING - 2025-12-19 03:43:28 --> [DEPRECATED] Passing lowercase HTTP method "post" is deprecated. Use uppercase HTTP method like "POST". in SYSTEMPATH\Router\RouteCollection.php on line 1026.
 1 SYSTEMPATH\Router\RouteCollection.php(1026): trigger_error('Passing lowercase HTTP method "post" is deprecated. Use uppercase HTTP method like "POST".', 16384)
 2 APPPATH\Config\Routes.php(15): CodeIgniter\Router\RouteCollection->match([...], 'login/auth', 'Login::auth')
 3 SYSTEMPATH\Router\RouteCollection.php(339): require('C:\\laragon\\www\\Project Pweb2\\app\\Config\\Routes.php')
 4 SYSTEMPATH\CodeIgniter.php(821): CodeIgniter\Router\RouteCollection->loadRoutes()
 5 SYSTEMPATH\CodeIgniter.php(455): CodeIgniter\CodeIgniter->tryToRouteIt(null)
 6 SYSTEMPATH\CodeIgniter.php(354): CodeIgniter\CodeIgniter->handleRequest(null, Object(Config\Cache), false)
 7 SYSTEMPATH\Boot.php(363): CodeIgniter\CodeIgniter->run()
 8 SYSTEMPATH\Boot.php(68): CodeIgniter\Boot::runCodeIgniter(Object(CodeIgniter\CodeIgniter))
 9 FCPATH\index.php(59): CodeIgniter\Boot::bootWeb(Object(Config\Paths))
10 SYSTEMPATH\rewrite.php(44): require_once('C:\\laragon\\www\\Project Pweb2\\public\\index.php')
DEBUG - 2025-12-19 03:43:28 --> Session: Class initialized using 'CodeIgniter\Session\Handlers\FileHandler' driver.
WARNING - 2025-12-19 03:43:30 --> [DEPRECATED] Passing lowercase HTTP method "get" is deprecated. Use uppercase HTTP method like "GET". in SYSTEMPATH\Router\RouteCollection.php on line 1026.
 1 SYSTEMPATH\Router\RouteCollection.php(1026): trigger_error('Passing lowercase HTTP method "get" is deprecated. Use uppercase HTTP method like "GET".', 16384)
 2 APPPATH\Config\Routes.php(15): CodeIgniter\Router\RouteCollection->match([...], 'login/auth', 'Login::auth')
 3 SYSTEMPATH\Router\RouteCollection.php(339): require('C:\\laragon\\www\\Project Pweb2\\app\\Config\\Routes.php')
 4 SYSTEMPATH\CodeIgniter.php(821): CodeIgniter\Router\RouteCollection->loadRoutes()
 5 SYSTEMPATH\CodeIgniter.php(455): CodeIgniter\CodeIgniter->tryToRouteIt(null)
 6 SYSTEMPATH\CodeIgniter.php(354): CodeIgniter\CodeIgniter->handleRequest(null, Object(Config\Cache), false)
 7 SYSTEMPATH\Boot.php(363): CodeIgniter\CodeIgniter->run()
 8 SYSTEMPATH\Boot.php(68): CodeIgniter\Boot::runCodeIgniter(Object(CodeIgniter\CodeIgniter))
 9 FCPATH\index.php(59): CodeIgniter\Boot::bootWeb(Object(Config\Paths))
10 SYSTEMPATH\rewrite.php(44): require_once('C:\\laragon\\www\\Project Pweb2\\public\\index.php')
WARNING - 2025-12-19 03:43:30 --> [DEPRECATED] Passing lowercase HTTP method "post" is deprecated. Use uppercase HTTP method like "POST". in SYSTEMPATH\Router\RouteCollection.php on line 1026.
 1 SYSTEMPATH\Router\RouteCollection.php(1026): trigger_error('Passing lowercase HTTP method "post" is deprecated. Use uppercase HTTP method like "POST".', 16384)
 2 APPPATH\Config\Routes.php(15): CodeIgniter\Router\RouteCollection->match([...], 'login/auth', 'Login::auth')
 3 SYSTEMPATH\Router\RouteCollection.php(339): require('C:\\laragon\\www\\Project Pweb2\\app\\Config\\Routes.php')
 4 SYSTEMPATH\CodeIgniter.php(821): CodeIgniter\Router\RouteCollection->loadRoutes()
 5 SYSTEMPATH\CodeIgniter.php(455): CodeIgniter\CodeIgniter->tryToRouteIt(null)
 6 SYSTEMPATH\CodeIgniter.php(354): CodeIgniter\CodeIgniter->handleRequest(null, Object(Config\Cache), false)
 7 SYSTEMPATH\Boot.php(363): CodeIgniter\CodeIgniter->run()
 8 SYSTEMPATH\Boot.php(68): CodeIgniter\Boot::runCodeIgniter(Object(CodeIgniter\CodeIgniter))
 9 FCPATH\index.php(59): CodeIgniter\Boot::bootWeb(Object(Config\Paths))
10 SYSTEMPATH\rewrite.php(44): require_once('C:\\laragon\\www\\Project Pweb2\\public\\index.php')
DEBUG - 2025-12-19 03:43:30 --> Session: Class initialized using 'CodeIgniter\Session\Handlers\FileHandler' driver.
WARNING - 2025-12-19 03:43:33 --> [DEPRECATED] Passing lowercase HTTP method "get" is deprecated. Use uppercase HTTP method like "GET". in SYSTEMPATH\Router\RouteCollection.php on line 1026.
 1 SYSTEMPATH\Router\RouteCollection.php(1026): trigger_error('Passing lowercase HTTP method "get" is deprecated. Use uppercase HTTP method like "GET".', 16384)
 2 APPPATH\Config\Routes.php(15): CodeIgniter\Router\RouteCollection->match([...], 'login/auth', 'Login::auth')
 3 SYSTEMPATH\Router\RouteCollection.php(339): require('C:\\laragon\\www\\Project Pweb2\\app\\Config\\Routes.php')
 4 SYSTEMPATH\CodeIgniter.php(821): CodeIgniter\Router\RouteCollection->loadRoutes()
 5 SYSTEMPATH\CodeIgniter.php(455): CodeIgniter\CodeIgniter->tryToRouteIt(null)
 6 SYSTEMPATH\CodeIgniter.php(354): CodeIgniter\CodeIgniter->handleRequest(null, Object(Config\Cache), false)
 7 SYSTEMPATH\Boot.php(363): CodeIgniter\CodeIgniter->run()
 8 SYSTEMPATH\Boot.php(68): CodeIgniter\Boot::runCodeIgniter(Object(CodeIgniter\CodeIgniter))
 9 FCPATH\index.php(59): CodeIgniter\Boot::bootWeb(Object(Config\Paths))
10 SYSTEMPATH\rewrite.php(44): require_once('C:\\laragon\\www\\Project Pweb2\\public\\index.php')
WARNING - 2025-12-19 03:43:33 --> [DEPRECATED] Passing lowercase HTTP method "post" is deprecated. Use uppercase HTTP method like "POST". in SYSTEMPATH\Router\RouteCollection.php on line 1026.
 1 SYSTEMPATH\Router\RouteCollection.php(1026): trigger_error('Passing lowercase HTTP method "post" is deprecated. Use uppercase HTTP method like "POST".', 16384)
 2 APPPATH\Config\Routes.php(15): CodeIgniter\Router\RouteCollection->match([...], 'login/auth', 'Login::auth')
 3 SYSTEMPATH\Router\RouteCollection.php(339): require('C:\\laragon\\www\\Project Pweb2\\app\\Config\\Routes.php')
 4 SYSTEMPATH\CodeIgniter.php(821): CodeIgniter\Router\RouteCollection->loadRoutes()
 5 SYSTEMPATH\CodeIgniter.php(455): CodeIgniter\CodeIgniter->tryToRouteIt(null)
 6 SYSTEMPATH\CodeIgniter.php(354): CodeIgniter\CodeIgniter->handleRequest(null, Object(Config\Cache), false)
 7 SYSTEMPATH\Boot.php(363): CodeIgniter\CodeIgniter->run()
 8 SYSTEMPATH\Boot.php(68): CodeIgniter\Boot::runCodeIgniter(Object(CodeIgniter\CodeIgniter))
 9 FCPATH\index.php(59): CodeIgniter\Boot::bootWeb(Object(Config\Paths))
10 SYSTEMPATH\rewrite.php(44): require_once('C:\\laragon\\www\\Project Pweb2\\public\\index.php')
DEBUG - 2025-12-19 03:43:33 --> Session: Class initialized using 'CodeIgniter\Session\Handlers\FileHandler' driver.
WARNING - 2025-12-19 03:43:35 --> [DEPRECATED] Passing lowercase HTTP method "get" is deprecated. Use uppercase HTTP method like "GET". in SYSTEMPATH\Router\RouteCollection.php on line 1026.
 1 SYSTEMPATH\Router\RouteCollection.php(1026): trigger_error('Passing lowercase HTTP method "get" is deprecated. Use uppercase HTTP method like "GET".', 16384)
 2 APPPATH\Config\Routes.php(15): CodeIgniter\Router\RouteCollection->match([...], 'login/auth', 'Login::auth')
 3 SYSTEMPATH\Router\RouteCollection.php(339): require('C:\\laragon\\www\\Project Pweb2\\app\\Config\\Routes.php')
 4 SYSTEMPATH\CodeIgniter.php(821): CodeIgniter\Router\RouteCollection->loadRoutes()
 5 SYSTEMPATH\CodeIgniter.php(455): CodeIgniter\CodeIgniter->tryToRouteIt(null)
 6 SYSTEMPATH\CodeIgniter.php(354): CodeIgniter\CodeIgniter->handleRequest(null, Object(Config\Cache), false)
 7 SYSTEMPATH\Boot.php(363): CodeIgniter\CodeIgniter->run()
 8 SYSTEMPATH\Boot.php(68): CodeIgniter\Boot::runCodeIgniter(Object(CodeIgniter\CodeIgniter))
 9 FCPATH\index.php(59): CodeIgniter\Boot::bootWeb(Object(Config\Paths))
10 SYSTEMPATH\rewrite.php(44): require_once('C:\\laragon\\www\\Project Pweb2\\public\\index.php')
WARNING - 2025-12-19 03:43:35 --> [DEPRECATED] Passing lowercase HTTP method "post" is deprecated. Use uppercase HTTP method like "POST". in SYSTEMPATH\Router\RouteCollection.php on line 1026.
 1 SYSTEMPATH\Router\RouteCollection.php(1026): trigger_error('Passing lowercase HTTP method "post" is deprecated. Use uppercase HTTP method like "POST".', 16384)
 2 APPPATH\Config\Routes.php(15): CodeIgniter\Router\RouteCollection->match([...], 'login/auth', 'Login::auth')
 3 SYSTEMPATH\Router\RouteCollection.php(339): require('C:\\laragon\\www\\Project Pweb2\\app\\Config\\Routes.php')
 4 SYSTEMPATH\CodeIgniter.php(821): CodeIgniter\Router\RouteCollection->loadRoutes()
 5 SYSTEMPATH\CodeIgniter.php(455): CodeIgniter\CodeIgniter->tryToRouteIt(null)
 6 SYSTEMPATH\CodeIgniter.php(354): CodeIgniter\CodeIgniter->handleRequest(null, Object(Config\Cache), false)
 7 SYSTEMPATH\Boot.php(363): CodeIgniter\CodeIgniter->run()
 8 SYSTEMPATH\Boot.php(68): CodeIgniter\Boot::runCodeIgniter(Object(CodeIgniter\CodeIgniter))
 9 FCPATH\index.php(59): CodeIgniter\Boot::bootWeb(Object(Config\Paths))
10 SYSTEMPATH\rewrite.php(44): require_once('C:\\laragon\\www\\Project Pweb2\\public\\index.php')
DEBUG - 2025-12-19 03:43:35 --> Session: Class initialized using 'CodeIgniter\Session\Handlers\FileHandler' driver.
WARNING - 2025-12-19 03:43:38 --> [DEPRECATED] Passing lowercase HTTP method "get" is deprecated. Use uppercase HTTP method like "GET". in SYSTEMPATH\Router\RouteCollection.php on line 1026.
 1 SYSTEMPATH\Router\RouteCollection.php(1026): trigger_error('Passing lowercase HTTP method "get" is deprecated. Use uppercase HTTP method like "GET".', 16384)
 2 APPPATH\Config\Routes.php(15): CodeIgniter\Router\RouteCollection->match([...], 'login/auth', 'Login::auth')
 3 SYSTEMPATH\Router\RouteCollection.php(339): require('C:\\laragon\\www\\Project Pweb2\\app\\Config\\Routes.php')
 4 SYSTEMPATH\CodeIgniter.php(821): CodeIgniter\Router\RouteCollection->loadRoutes()
 5 SYSTEMPATH\CodeIgniter.php(455): CodeIgniter\CodeIgniter->tryToRouteIt(null)
 6 SYSTEMPATH\CodeIgniter.php(354): CodeIgniter\CodeIgniter->handleRequest(null, Object(Config\Cache), false)
 7 SYSTEMPATH\Boot.php(363): CodeIgniter\CodeIgniter->run()
 8 SYSTEMPATH\Boot.php(68): CodeIgniter\Boot::runCodeIgniter(Object(CodeIgniter\CodeIgniter))
 9 FCPATH\index.php(59): CodeIgniter\Boot::bootWeb(Object(Config\Paths))
10 SYSTEMPATH\rewrite.php(44): require_once('C:\\laragon\\www\\Project Pweb2\\public\\index.php')
WARNING - 2025-12-19 03:43:38 --> [DEPRECATED] Passing lowercase HTTP method "post" is deprecated. Use uppercase HTTP method like "POST". in SYSTEMPATH\Router\RouteCollection.php on line 1026.
 1 SYSTEMPATH\Router\RouteCollection.php(1026): trigger_error('Passing lowercase HTTP method "post" is deprecated. Use uppercase HTTP method like "POST".', 16384)
 2 APPPATH\Config\Routes.php(15): CodeIgniter\Router\RouteCollection->match([...], 'login/auth', 'Login::auth')
 3 SYSTEMPATH\Router\RouteCollection.php(339): require('C:\\laragon\\www\\Project Pweb2\\app\\Config\\Routes.php')
 4 SYSTEMPATH\CodeIgniter.php(821): CodeIgniter\Router\RouteCollection->loadRoutes()
 5 SYSTEMPATH\CodeIgniter.php(455): CodeIgniter\CodeIgniter->tryToRouteIt(null)
 6 SYSTEMPATH\CodeIgniter.php(354): CodeIgniter\CodeIgniter->handleRequest(null, Object(Config\Cache), false)
 7 SYSTEMPATH\Boot.php(363): CodeIgniter\CodeIgniter->run()
 8 SYSTEMPATH\Boot.php(68): CodeIgniter\Boot::runCodeIgniter(Object(CodeIgniter\CodeIgniter))
 9 FCPATH\index.php(59): CodeIgniter\Boot::bootWeb(Object(Config\Paths))
10 SYSTEMPATH\rewrite.php(44): require_once('C:\\laragon\\www\\Project Pweb2\\public\\index.php')
DEBUG - 2025-12-19 03:43:38 --> Session: Class initialized using 'CodeIgniter\Session\Handlers\FileHandler' driver.
WARNING - 2025-12-19 03:43:43 --> [DEPRECATED] Passing lowercase HTTP method "get" is deprecated. Use uppercase HTTP method like "GET". in SYSTEMPATH\Router\RouteCollection.php on line 1026.
 1 SYSTEMPATH\Router\RouteCollection.php(1026): trigger_error('Passing lowercase HTTP method "get" is deprecated. Use uppercase HTTP method like "GET".', 16384)
 2 APPPATH\Config\Routes.php(15): CodeIgniter\Router\RouteCollection->match([...], 'login/auth', 'Login::auth')
 3 SYSTEMPATH\Router\RouteCollection.php(339): require('C:\\laragon\\www\\Project Pweb2\\app\\Config\\Routes.php')
 4 SYSTEMPATH\CodeIgniter.php(821): CodeIgniter\Router\RouteCollection->loadRoutes()
 5 SYSTEMPATH\CodeIgniter.php(455): CodeIgniter\CodeIgniter->tryToRouteIt(null)
 6 SYSTEMPATH\CodeIgniter.php(354): CodeIgniter\CodeIgniter->handleRequest(null, Object(Config\Cache), false)
 7 SYSTEMPATH\Boot.php(363): CodeIgniter\CodeIgniter->run()
 8 SYSTEMPATH\Boot.php(68): CodeIgniter\Boot::runCodeIgniter(Object(CodeIgniter\CodeIgniter))
 9 FCPATH\index.php(59): CodeIgniter\Boot::bootWeb(Object(Config\Paths))
10 SYSTEMPATH\rewrite.php(44): require_once('C:\\laragon\\www\\Project Pweb2\\public\\index.php')
WARNING - 2025-12-19 03:43:43 --> [DEPRECATED] Passing lowercase HTTP method "post" is deprecated. Use uppercase HTTP method like "POST". in SYSTEMPATH\Router\RouteCollection.php on line 1026.
 1 SYSTEMPATH\Router\RouteCollection.php(1026): trigger_error('Passing lowercase HTTP method "post" is deprecated. Use uppercase HTTP method like "POST".', 16384)
 2 APPPATH\Config\Routes.php(15): CodeIgniter\Router\RouteCollection->match([...], 'login/auth', 'Login::auth')
 3 SYSTEMPATH\Router\RouteCollection.php(339): require('C:\\laragon\\www\\Project Pweb2\\app\\Config\\Routes.php')
 4 SYSTEMPATH\CodeIgniter.php(821): CodeIgniter\Router\RouteCollection->loadRoutes()
 5 SYSTEMPATH\CodeIgniter.php(455): CodeIgniter\CodeIgniter->tryToRouteIt(null)
 6 SYSTEMPATH\CodeIgniter.php(354): CodeIgniter\CodeIgniter->handleRequest(null, Object(Config\Cache), false)
 7 SYSTEMPATH\Boot.php(363): CodeIgniter\CodeIgniter->run()
 8 SYSTEMPATH\Boot.php(68): CodeIgniter\Boot::runCodeIgniter(Object(CodeIgniter\CodeIgniter))
 9 FCPATH\index.php(59): CodeIgniter\Boot::bootWeb(Object(Config\Paths))
10 SYSTEMPATH\rewrite.php(44): require_once('C:\\laragon\\www\\Project Pweb2\\public\\index.php')
DEBUG - 2025-12-19 03:43:44 --> Session: Class initialized using 'CodeIgniter\Session\Handlers\FileHandler' driver.
WARNING - 2025-12-19 03:43:48 --> [DEPRECATED] Passing lowercase HTTP method "get" is deprecated. Use uppercase HTTP method like "GET". in SYSTEMPATH\Router\RouteCollection.php on line 1026.
 1 SYSTEMPATH\Router\RouteCollection.php(1026): trigger_error('Passing lowercase HTTP method "get" is deprecated. Use uppercase HTTP method like "GET".', 16384)
 2 APPPATH\Config\Routes.php(15): CodeIgniter\Router\RouteCollection->match([...], 'login/auth', 'Login::auth')
 3 SYSTEMPATH\Router\RouteCollection.php(339): require('C:\\laragon\\www\\Project Pweb2\\app\\Config\\Routes.php')
 4 SYSTEMPATH\CodeIgniter.php(821): CodeIgniter\Router\RouteCollection->loadRoutes()
 5 SYSTEMPATH\CodeIgniter.php(455): CodeIgniter\CodeIgniter->tryToRouteIt(null)
 6 SYSTEMPATH\CodeIgniter.php(354): CodeIgniter\CodeIgniter->handleRequest(null, Object(Config\Cache), false)
 7 SYSTEMPATH\Boot.php(363): CodeIgniter\CodeIgniter->run()
 8 SYSTEMPATH\Boot.php(68): CodeIgniter\Boot::runCodeIgniter(Object(CodeIgniter\CodeIgniter))
 9 FCPATH\index.php(59): CodeIgniter\Boot::bootWeb(Object(Config\Paths))
10 SYSTEMPATH\rewrite.php(44): require_once('C:\\laragon\\www\\Project Pweb2\\public\\index.php')
WARNING - 2025-12-19 03:43:48 --> [DEPRECATED] Passing lowercase HTTP method "post" is deprecated. Use uppercase HTTP method like "POST". in SYSTEMPATH\Router\RouteCollection.php on line 1026.
 1 SYSTEMPATH\Router\RouteCollection.php(1026): trigger_error('Passing lowercase HTTP method "post" is deprecated. Use uppercase HTTP method like "POST".', 16384)
 2 APPPATH\Config\Routes.php(15): CodeIgniter\Router\RouteCollection->match([...], 'login/auth', 'Login::auth')
 3 SYSTEMPATH\Router\RouteCollection.php(339): require('C:\\laragon\\www\\Project Pweb2\\app\\Config\\Routes.php')
 4 SYSTEMPATH\CodeIgniter.php(821): CodeIgniter\Router\RouteCollection->loadRoutes()
 5 SYSTEMPATH\CodeIgniter.php(455): CodeIgniter\CodeIgniter->tryToRouteIt(null)
 6 SYSTEMPATH\CodeIgniter.php(354): CodeIgniter\CodeIgniter->handleRequest(null, Object(Config\Cache), false)
 7 SYSTEMPATH\Boot.php(363): CodeIgniter\CodeIgniter->run()
 8 SYSTEMPATH\Boot.php(68): CodeIgniter\Boot::runCodeIgniter(Object(CodeIgniter\CodeIgniter))
 9 FCPATH\index.php(59): CodeIgniter\Boot::bootWeb(Object(Config\Paths))
10 SYSTEMPATH\rewrite.php(44): require_once('C:\\laragon\\www\\Project Pweb2\\public\\index.php')
DEBUG - 2025-12-19 03:43:48 --> Session: Class initialized using 'CodeIgniter\Session\Handlers\FileHandler' driver.
WARNING - 2025-12-19 03:43:51 --> [DEPRECATED] Passing lowercase HTTP method "get" is deprecated. Use uppercase HTTP method like "GET". in SYSTEMPATH\Router\RouteCollection.php on line 1026.
 1 SYSTEMPATH\Router\RouteCollection.php(1026): trigger_error('Passing lowercase HTTP method "get" is deprecated. Use uppercase HTTP method like "GET".', 16384)
 2 APPPATH\Config\Routes.php(15): CodeIgniter\Router\RouteCollection->match([...], 'login/auth', 'Login::auth')
 3 SYSTEMPATH\Router\RouteCollection.php(339): require('C:\\laragon\\www\\Project Pweb2\\app\\Config\\Routes.php')
 4 SYSTEMPATH\CodeIgniter.php(821): CodeIgniter\Router\RouteCollection->loadRoutes()
 5 SYSTEMPATH\CodeIgniter.php(455): CodeIgniter\CodeIgniter->tryToRouteIt(null)
 6 SYSTEMPATH\CodeIgniter.php(354): CodeIgniter\CodeIgniter->handleRequest(null, Object(Config\Cache), false)
 7 SYSTEMPATH\Boot.php(363): CodeIgniter\CodeIgniter->run()
 8 SYSTEMPATH\Boot.php(68): CodeIgniter\Boot::runCodeIgniter(Object(CodeIgniter\CodeIgniter))
 9 FCPATH\index.php(59): CodeIgniter\Boot::bootWeb(Object(Config\Paths))
10 SYSTEMPATH\rewrite.php(44): require_once('C:\\laragon\\www\\Project Pweb2\\public\\index.php')
WARNING - 2025-12-19 03:43:51 --> [DEPRECATED] Passing lowercase HTTP method "post" is deprecated. Use uppercase HTTP method like "POST". in SYSTEMPATH\Router\RouteCollection.php on line 1026.
 1 SYSTEMPATH\Router\RouteCollection.php(1026): trigger_error('Passing lowercase HTTP method "post" is deprecated. Use uppercase HTTP method like "POST".', 16384)
 2 APPPATH\Config\Routes.php(15): CodeIgniter\Router\RouteCollection->match([...], 'login/auth', 'Login::auth')
 3 SYSTEMPATH\Router\RouteCollection.php(339): require('C:\\laragon\\www\\Project Pweb2\\app\\Config\\Routes.php')
 4 SYSTEMPATH\CodeIgniter.php(821): CodeIgniter\Router\RouteCollection->loadRoutes()
 5 SYSTEMPATH\CodeIgniter.php(455): CodeIgniter\CodeIgniter->tryToRouteIt(null)
 6 SYSTEMPATH\CodeIgniter.php(354): CodeIgniter\CodeIgniter->handleRequest(null, Object(Config\Cache), false)
 7 SYSTEMPATH\Boot.php(363): CodeIgniter\CodeIgniter->run()
 8 SYSTEMPATH\Boot.php(68): CodeIgniter\Boot::runCodeIgniter(Object(CodeIgniter\CodeIgniter))
 9 FCPATH\index.php(59): CodeIgniter\Boot::bootWeb(Object(Config\Paths))
10 SYSTEMPATH\rewrite.php(44): require_once('C:\\laragon\\www\\Project Pweb2\\public\\index.php')
DEBUG - 2025-12-19 03:43:51 --> Session: Class initialized using 'CodeIgniter\Session\Handlers\FileHandler' driver.
WARNING - 2025-12-19 03:43:54 --> [DEPRECATED] Passing lowercase HTTP method "get" is deprecated. Use uppercase HTTP method like "GET". in SYSTEMPATH\Router\RouteCollection.php on line 1026.
 1 SYSTEMPATH\Router\RouteCollection.php(1026): trigger_error('Passing lowercase HTTP method "get" is deprecated. Use uppercase HTTP method like "GET".', 16384)
 2 APPPATH\Config\Routes.php(15): CodeIgniter\Router\RouteCollection->match([...], 'login/auth', 'Login::auth')
 3 SYSTEMPATH\Router\RouteCollection.php(339): require('C:\\laragon\\www\\Project Pweb2\\app\\Config\\Routes.php')
 4 SYSTEMPATH\CodeIgniter.php(821): CodeIgniter\Router\RouteCollection->loadRoutes()
 5 SYSTEMPATH\CodeIgniter.php(455): CodeIgniter\CodeIgniter->tryToRouteIt(null)
 6 SYSTEMPATH\CodeIgniter.php(354): CodeIgniter\CodeIgniter->handleRequest(null, Object(Config\Cache), false)
 7 SYSTEMPATH\Boot.php(363): CodeIgniter\CodeIgniter->run()
 8 SYSTEMPATH\Boot.php(68): CodeIgniter\Boot::runCodeIgniter(Object(CodeIgniter\CodeIgniter))
 9 FCPATH\index.php(59): CodeIgniter\Boot::bootWeb(Object(Config\Paths))
10 SYSTEMPATH\rewrite.php(44): require_once('C:\\laragon\\www\\Project Pweb2\\public\\index.php')
WARNING - 2025-12-19 03:43:54 --> [DEPRECATED] Passing lowercase HTTP method "post" is deprecated. Use uppercase HTTP method like "POST". in SYSTEMPATH\Router\RouteCollection.php on line 1026.
 1 SYSTEMPATH\Router\RouteCollection.php(1026): trigger_error('Passing lowercase HTTP method "post" is deprecated. Use uppercase HTTP method like "POST".', 16384)
 2 APPPATH\Config\Routes.php(15): CodeIgniter\Router\RouteCollection->match([...], 'login/auth', 'Login::auth')
 3 SYSTEMPATH\Router\RouteCollection.php(339): require('C:\\laragon\\www\\Project Pweb2\\app\\Config\\Routes.php')
 4 SYSTEMPATH\CodeIgniter.php(821): CodeIgniter\Router\RouteCollection->loadRoutes()
 5 SYSTEMPATH\CodeIgniter.php(455): CodeIgniter\CodeIgniter->tryToRouteIt(null)
 6 SYSTEMPATH\CodeIgniter.php(354): CodeIgniter\CodeIgniter->handleRequest(null, Object(Config\Cache), false)
 7 SYSTEMPATH\Boot.php(363): CodeIgniter\CodeIgniter->run()
 8 SYSTEMPATH\Boot.php(68): CodeIgniter\Boot::runCodeIgniter(Object(CodeIgniter\CodeIgniter))
 9 FCPATH\index.php(59): CodeIgniter\Boot::bootWeb(Object(Config\Paths))
10 SYSTEMPATH\rewrite.php(44): require_once('C:\\laragon\\www\\Project Pweb2\\public\\index.php')
DEBUG - 2025-12-19 03:43:54 --> Session: Class initialized using 'CodeIgniter\Session\Handlers\FileHandler' driver.
WARNING - 2025-12-19 03:43:59 --> [DEPRECATED] Passing lowercase HTTP method "get" is deprecated. Use uppercase HTTP method like "GET". in SYSTEMPATH\Router\RouteCollection.php on line 1026.
 1 SYSTEMPATH\Router\RouteCollection.php(1026): trigger_error('Passing lowercase HTTP method "get" is deprecated. Use uppercase HTTP method like "GET".', 16384)
 2 APPPATH\Config\Routes.php(15): CodeIgniter\Router\RouteCollection->match([...], 'login/auth', 'Login::auth')
 3 SYSTEMPATH\Router\RouteCollection.php(339): require('C:\\laragon\\www\\Project Pweb2\\app\\Config\\Routes.php')
 4 SYSTEMPATH\CodeIgniter.php(821): CodeIgniter\Router\RouteCollection->loadRoutes()
 5 SYSTEMPATH\CodeIgniter.php(455): CodeIgniter\CodeIgniter->tryToRouteIt(null)
 6 SYSTEMPATH\CodeIgniter.php(354): CodeIgniter\CodeIgniter->handleRequest(null, Object(Config\Cache), false)
 7 SYSTEMPATH\Boot.php(363): CodeIgniter\CodeIgniter->run()
 8 SYSTEMPATH\Boot.php(68): CodeIgniter\Boot::runCodeIgniter(Object(CodeIgniter\CodeIgniter))
 9 FCPATH\index.php(59): CodeIgniter\Boot::bootWeb(Object(Config\Paths))
10 SYSTEMPATH\rewrite.php(44): require_once('C:\\laragon\\www\\Project Pweb2\\public\\index.php')
WARNING - 2025-12-19 03:43:59 --> [DEPRECATED] Passing lowercase HTTP method "post" is deprecated. Use uppercase HTTP method like "POST". in SYSTEMPATH\Router\RouteCollection.php on line 1026.
 1 SYSTEMPATH\Router\RouteCollection.php(1026): trigger_error('Passing lowercase HTTP method "post" is deprecated. Use uppercase HTTP method like "POST".', 16384)
 2 APPPATH\Config\Routes.php(15): CodeIgniter\Router\RouteCollection->match([...], 'login/auth', 'Login::auth')
 3 SYSTEMPATH\Router\RouteCollection.php(339): require('C:\\laragon\\www\\Project Pweb2\\app\\Config\\Routes.php')
 4 SYSTEMPATH\CodeIgniter.php(821): CodeIgniter\Router\RouteCollection->loadRoutes()
 5 SYSTEMPATH\CodeIgniter.php(455): CodeIgniter\CodeIgniter->tryToRouteIt(null)
 6 SYSTEMPATH\CodeIgniter.php(354): CodeIgniter\CodeIgniter->handleRequest(null, Object(Config\Cache), false)
 7 SYSTEMPATH\Boot.php(363): CodeIgniter\CodeIgniter->run()
 8 SYSTEMPATH\Boot.php(68): CodeIgniter\Boot::runCodeIgniter(Object(CodeIgniter\CodeIgniter))
 9 FCPATH\index.php(59): CodeIgniter\Boot::bootWeb(Object(Config\Paths))
10 SYSTEMPATH\rewrite.php(44): require_once('C:\\laragon\\www\\Project Pweb2\\public\\index.php')
DEBUG - 2025-12-19 03:43:59 --> Session: Class initialized using 'CodeIgniter\Session\Handlers\FileHandler' driver.
WARNING - 2025-12-19 03:44:01 --> [DEPRECATED] Passing lowercase HTTP method "get" is deprecated. Use uppercase HTTP method like "GET". in SYSTEMPATH\Router\RouteCollection.php on line 1026.
 1 SYSTEMPATH\Router\RouteCollection.php(1026): trigger_error('Passing lowercase HTTP method "get" is deprecated. Use uppercase HTTP method like "GET".', 16384)
 2 APPPATH\Config\Routes.php(15): CodeIgniter\Router\RouteCollection->match([...], 'login/auth', 'Login::auth')
 3 SYSTEMPATH\Router\RouteCollection.php(339): require('C:\\laragon\\www\\Project Pweb2\\app\\Config\\Routes.php')
 4 SYSTEMPATH\CodeIgniter.php(821): CodeIgniter\Router\RouteCollection->loadRoutes()
 5 SYSTEMPATH\CodeIgniter.php(455): CodeIgniter\CodeIgniter->tryToRouteIt(null)
 6 SYSTEMPATH\CodeIgniter.php(354): CodeIgniter\CodeIgniter->handleRequest(null, Object(Config\Cache), false)
 7 SYSTEMPATH\Boot.php(363): CodeIgniter\CodeIgniter->run()
 8 SYSTEMPATH\Boot.php(68): CodeIgniter\Boot::runCodeIgniter(Object(CodeIgniter\CodeIgniter))
 9 FCPATH\index.php(59): CodeIgniter\Boot::bootWeb(Object(Config\Paths))
10 SYSTEMPATH\rewrite.php(44): require_once('C:\\laragon\\www\\Project Pweb2\\public\\index.php')
WARNING - 2025-12-19 03:44:01 --> [DEPRECATED] Passing lowercase HTTP method "post" is deprecated. Use uppercase HTTP method like "POST". in SYSTEMPATH\Router\RouteCollection.php on line 1026.
 1 SYSTEMPATH\Router\RouteCollection.php(1026): trigger_error('Passing lowercase HTTP method "post" is deprecated. Use uppercase HTTP method like "POST".', 16384)
 2 APPPATH\Config\Routes.php(15): CodeIgniter\Router\RouteCollection->match([...], 'login/auth', 'Login::auth')
 3 SYSTEMPATH\Router\RouteCollection.php(339): require('C:\\laragon\\www\\Project Pweb2\\app\\Config\\Routes.php')
 4 SYSTEMPATH\CodeIgniter.php(821): CodeIgniter\Router\RouteCollection->loadRoutes()
 5 SYSTEMPATH\CodeIgniter.php(455): CodeIgniter\CodeIgniter->tryToRouteIt(null)
 6 SYSTEMPATH\CodeIgniter.php(354): CodeIgniter\CodeIgniter->handleRequest(null, Object(Config\Cache), false)
 7 SYSTEMPATH\Boot.php(363): CodeIgniter\CodeIgniter->run()
 8 SYSTEMPATH\Boot.php(68): CodeIgniter\Boot::runCodeIgniter(Object(CodeIgniter\CodeIgniter))
 9 FCPATH\index.php(59): CodeIgniter\Boot::bootWeb(Object(Config\Paths))
10 SYSTEMPATH\rewrite.php(44): require_once('C:\\laragon\\www\\Project Pweb2\\public\\index.php')
DEBUG - 2025-12-19 03:44:01 --> Session: Class initialized using 'CodeIgniter\Session\Handlers\FileHandler' driver.
WARNING - 2025-12-19 03:44:04 --> [DEPRECATED] Passing lowercase HTTP method "get" is deprecated. Use uppercase HTTP method like "GET". in SYSTEMPATH\Router\RouteCollection.php on line 1026.
 1 SYSTEMPATH\Router\RouteCollection.php(1026): trigger_error('Passing lowercase HTTP method "get" is deprecated. Use uppercase HTTP method like "GET".', 16384)
 2 APPPATH\Config\Routes.php(15): CodeIgniter\Router\RouteCollection->match([...], 'login/auth', 'Login::auth')
 3 SYSTEMPATH\Router\RouteCollection.php(339): require('C:\\laragon\\www\\Project Pweb2\\app\\Config\\Routes.php')
 4 SYSTEMPATH\CodeIgniter.php(821): CodeIgniter\Router\RouteCollection->loadRoutes()
 5 SYSTEMPATH\CodeIgniter.php(455): CodeIgniter\CodeIgniter->tryToRouteIt(null)
 6 SYSTEMPATH\CodeIgniter.php(354): CodeIgniter\CodeIgniter->handleRequest(null, Object(Config\Cache), false)
 7 SYSTEMPATH\Boot.php(363): CodeIgniter\CodeIgniter->run()
 8 SYSTEMPATH\Boot.php(68): CodeIgniter\Boot::runCodeIgniter(Object(CodeIgniter\CodeIgniter))
 9 FCPATH\index.php(59): CodeIgniter\Boot::bootWeb(Object(Config\Paths))
10 SYSTEMPATH\rewrite.php(44): require_once('C:\\laragon\\www\\Project Pweb2\\public\\index.php')
WARNING - 2025-12-19 03:44:04 --> [DEPRECATED] Passing lowercase HTTP method "post" is deprecated. Use uppercase HTTP method like "POST". in SYSTEMPATH\Router\RouteCollection.php on line 1026.
 1 SYSTEMPATH\Router\RouteCollection.php(1026): trigger_error('Passing lowercase HTTP method "post" is deprecated. Use uppercase HTTP method like "POST".', 16384)
 2 APPPATH\Config\Routes.php(15): CodeIgniter\Router\RouteCollection->match([...], 'login/auth', 'Login::auth')
 3 SYSTEMPATH\Router\RouteCollection.php(339): require('C:\\laragon\\www\\Project Pweb2\\app\\Config\\Routes.php')
 4 SYSTEMPATH\CodeIgniter.php(821): CodeIgniter\Router\RouteCollection->loadRoutes()
 5 SYSTEMPATH\CodeIgniter.php(455): CodeIgniter\CodeIgniter->tryToRouteIt(null)
 6 SYSTEMPATH\CodeIgniter.php(354): CodeIgniter\CodeIgniter->handleRequest(null, Object(Config\Cache), false)
 7 SYSTEMPATH\Boot.php(363): CodeIgniter\CodeIgniter->run()
 8 SYSTEMPATH\Boot.php(68): CodeIgniter\Boot::runCodeIgniter(Object(CodeIgniter\CodeIgniter))
 9 FCPATH\index.php(59): CodeIgniter\Boot::bootWeb(Object(Config\Paths))
10 SYSTEMPATH\rewrite.php(44): require_once('C:\\laragon\\www\\Project Pweb2\\public\\index.php')
DEBUG - 2025-12-19 03:44:04 --> Session: Class initialized using 'CodeIgniter\Session\Handlers\FileHandler' driver.
WARNING - 2025-12-19 03:44:08 --> [DEPRECATED] Passing lowercase HTTP method "get" is deprecated. Use uppercase HTTP method like "GET". in SYSTEMPATH\Router\RouteCollection.php on line 1026.
 1 SYSTEMPATH\Router\RouteCollection.php(1026): trigger_error('Passing lowercase HTTP method "get" is deprecated. Use uppercase HTTP method like "GET".', 16384)
 2 APPPATH\Config\Routes.php(15): CodeIgniter\Router\RouteCollection->match([...], 'login/auth', 'Login::auth')
 3 SYSTEMPATH\Router\RouteCollection.php(339): require('C:\\laragon\\www\\Project Pweb2\\app\\Config\\Routes.php')
 4 SYSTEMPATH\CodeIgniter.php(821): CodeIgniter\Router\RouteCollection->loadRoutes()
 5 SYSTEMPATH\CodeIgniter.php(455): CodeIgniter\CodeIgniter->tryToRouteIt(null)
 6 SYSTEMPATH\CodeIgniter.php(354): CodeIgniter\CodeIgniter->handleRequest(null, Object(Config\Cache), false)
 7 SYSTEMPATH\Boot.php(363): CodeIgniter\CodeIgniter->run()
 8 SYSTEMPATH\Boot.php(68): CodeIgniter\Boot::runCodeIgniter(Object(CodeIgniter\CodeIgniter))
 9 FCPATH\index.php(59): CodeIgniter\Boot::bootWeb(Object(Config\Paths))
10 SYSTEMPATH\rewrite.php(44): require_once('C:\\laragon\\www\\Project Pweb2\\public\\index.php')
WARNING - 2025-12-19 03:44:08 --> [DEPRECATED] Passing lowercase HTTP method "post" is deprecated. Use uppercase HTTP method like "POST". in SYSTEMPATH\Router\RouteCollection.php on line 1026.
 1 SYSTEMPATH\Router\RouteCollection.php(1026): trigger_error('Passing lowercase HTTP method "post" is deprecated. Use uppercase HTTP method like "POST".', 16384)
 2 APPPATH\Config\Routes.php(15): CodeIgniter\Router\RouteCollection->match([...], 'login/auth', 'Login::auth')
 3 SYSTEMPATH\Router\RouteCollection.php(339): require('C:\\laragon\\www\\Project Pweb2\\app\\Config\\Routes.php')
 4 SYSTEMPATH\CodeIgniter.php(821): CodeIgniter\Router\RouteCollection->loadRoutes()
 5 SYSTEMPATH\CodeIgniter.php(455): CodeIgniter\CodeIgniter->tryToRouteIt(null)
 6 SYSTEMPATH\CodeIgniter.php(354): CodeIgniter\CodeIgniter->handleRequest(null, Object(Config\Cache), false)
 7 SYSTEMPATH\Boot.php(363): CodeIgniter\CodeIgniter->run()
 8 SYSTEMPATH\Boot.php(68): CodeIgniter\Boot::runCodeIgniter(Object(CodeIgniter\CodeIgniter))
 9 FCPATH\index.php(59): CodeIgniter\Boot::bootWeb(Object(Config\Paths))
10 SYSTEMPATH\rewrite.php(44): require_once('C:\\laragon\\www\\Project Pweb2\\public\\index.php')
DEBUG - 2025-12-19 03:44:08 --> Session: Class initialized using 'CodeIgniter\Session\Handlers\FileHandler' driver.
WARNING - 2025-12-19 03:44:13 --> [DEPRECATED] Passing lowercase HTTP method "get" is deprecated. Use uppercase HTTP method like "GET". in SYSTEMPATH\Router\RouteCollection.php on line 1026.
 1 SYSTEMPATH\Router\RouteCollection.php(1026): trigger_error('Passing lowercase HTTP method "get" is deprecated. Use uppercase HTTP method like "GET".', 16384)
 2 APPPATH\Config\Routes.php(15): CodeIgniter\Router\RouteCollection->match([...], 'login/auth', 'Login::auth')
 3 SYSTEMPATH\Router\RouteCollection.php(339): require('C:\\laragon\\www\\Project Pweb2\\app\\Config\\Routes.php')
 4 SYSTEMPATH\CodeIgniter.php(821): CodeIgniter\Router\RouteCollection->loadRoutes()
 5 SYSTEMPATH\CodeIgniter.php(455): CodeIgniter\CodeIgniter->tryToRouteIt(null)
 6 SYSTEMPATH\CodeIgniter.php(354): CodeIgniter\CodeIgniter->handleRequest(null, Object(Config\Cache), false)
 7 SYSTEMPATH\Boot.php(363): CodeIgniter\CodeIgniter->run()
 8 SYSTEMPATH\Boot.php(68): CodeIgniter\Boot::runCodeIgniter(Object(CodeIgniter\CodeIgniter))
 9 FCPATH\index.php(59): CodeIgniter\Boot::bootWeb(Object(Config\Paths))
10 SYSTEMPATH\rewrite.php(44): require_once('C:\\laragon\\www\\Project Pweb2\\public\\index.php')
WARNING - 2025-12-19 03:44:13 --> [DEPRECATED] Passing lowercase HTTP method "post" is deprecated. Use uppercase HTTP method like "POST". in SYSTEMPATH\Router\RouteCollection.php on line 1026.
 1 SYSTEMPATH\Router\RouteCollection.php(1026): trigger_error('Passing lowercase HTTP method "post" is deprecated. Use uppercase HTTP method like "POST".', 16384)
 2 APPPATH\Config\Routes.php(15): CodeIgniter\Router\RouteCollection->match([...], 'login/auth', 'Login::auth')
 3 SYSTEMPATH\Router\RouteCollection.php(339): require('C:\\laragon\\www\\Project Pweb2\\app\\Config\\Routes.php')
 4 SYSTEMPATH\CodeIgniter.php(821): CodeIgniter\Router\RouteCollection->loadRoutes()
 5 SYSTEMPATH\CodeIgniter.php(455): CodeIgniter\CodeIgniter->tryToRouteIt(null)
 6 SYSTEMPATH\CodeIgniter.php(354): CodeIgniter\CodeIgniter->handleRequest(null, Object(Config\Cache), false)
 7 SYSTEMPATH\Boot.php(363): CodeIgniter\CodeIgniter->run()
 8 SYSTEMPATH\Boot.php(68): CodeIgniter\Boot::runCodeIgniter(Object(CodeIgniter\CodeIgniter))
 9 FCPATH\index.php(59): CodeIgniter\Boot::bootWeb(Object(Config\Paths))
10 SYSTEMPATH\rewrite.php(44): require_once('C:\\laragon\\www\\Project Pweb2\\public\\index.php')
DEBUG - 2025-12-19 03:44:13 --> Session: Class initialized using 'CodeIgniter\Session\Handlers\FileHandler' driver.
WARNING - 2025-12-19 03:44:33 --> [DEPRECATED] Passing lowercase HTTP method "get" is deprecated. Use uppercase HTTP method like "GET". in SYSTEMPATH\Router\RouteCollection.php on line 1026.
 1 SYSTEMPATH\Router\RouteCollection.php(1026): trigger_error('Passing lowercase HTTP method "get" is deprecated. Use uppercase HTTP method like "GET".', 16384)
 2 APPPATH\Config\Routes.php(15): CodeIgniter\Router\RouteCollection->match([...], 'login/auth', 'Login::auth')
 3 SYSTEMPATH\Router\RouteCollection.php(339): require('C:\\laragon\\www\\Project Pweb2\\app\\Config\\Routes.php')
 4 SYSTEMPATH\CodeIgniter.php(821): CodeIgniter\Router\RouteCollection->loadRoutes()
 5 SYSTEMPATH\CodeIgniter.php(455): CodeIgniter\CodeIgniter->tryToRouteIt(null)
 6 SYSTEMPATH\CodeIgniter.php(354): CodeIgniter\CodeIgniter->handleRequest(null, Object(Config\Cache), false)
 7 SYSTEMPATH\Boot.php(363): CodeIgniter\CodeIgniter->run()
 8 SYSTEMPATH\Boot.php(68): CodeIgniter\Boot::runCodeIgniter(Object(CodeIgniter\CodeIgniter))
 9 FCPATH\index.php(59): CodeIgniter\Boot::bootWeb(Object(Config\Paths))
10 SYSTEMPATH\rewrite.php(44): require_once('C:\\laragon\\www\\Project Pweb2\\public\\index.php')
WARNING - 2025-12-19 03:44:33 --> [DEPRECATED] Passing lowercase HTTP method "post" is deprecated. Use uppercase HTTP method like "POST". in SYSTEMPATH\Router\RouteCollection.php on line 1026.
 1 SYSTEMPATH\Router\RouteCollection.php(1026): trigger_error('Passing lowercase HTTP method "post" is deprecated. Use uppercase HTTP method like "POST".', 16384)
 2 APPPATH\Config\Routes.php(15): CodeIgniter\Router\RouteCollection->match([...], 'login/auth', 'Login::auth')
 3 SYSTEMPATH\Router\RouteCollection.php(339): require('C:\\laragon\\www\\Project Pweb2\\app\\Config\\Routes.php')
 4 SYSTEMPATH\CodeIgniter.php(821): CodeIgniter\Router\RouteCollection->loadRoutes()
 5 SYSTEMPATH\CodeIgniter.php(455): CodeIgniter\CodeIgniter->tryToRouteIt(null)
 6 SYSTEMPATH\CodeIgniter.php(354): CodeIgniter\CodeIgniter->handleRequest(null, Object(Config\Cache), false)
 7 SYSTEMPATH\Boot.php(363): CodeIgniter\CodeIgniter->run()
 8 SYSTEMPATH\Boot.php(68): CodeIgniter\Boot::runCodeIgniter(Object(CodeIgniter\CodeIgniter))
 9 FCPATH\index.php(59): CodeIgniter\Boot::bootWeb(Object(Config\Paths))
10 SYSTEMPATH\rewrite.php(44): require_once('C:\\laragon\\www\\Project Pweb2\\public\\index.php')
DEBUG - 2025-12-19 03:44:33 --> Session: Class initialized using 'CodeIgniter\Session\Handlers\FileHandler' driver.
WARNING - 2025-12-19 03:44:34 --> [DEPRECATED] Passing lowercase HTTP method "get" is deprecated. Use uppercase HTTP method like "GET". in SYSTEMPATH\Router\RouteCollection.php on line 1026.
 1 SYSTEMPATH\Router\RouteCollection.php(1026): trigger_error('Passing lowercase HTTP method "get" is deprecated. Use uppercase HTTP method like "GET".', 16384)
 2 APPPATH\Config\Routes.php(15): CodeIgniter\Router\RouteCollection->match([...], 'login/auth', 'Login::auth')
 3 SYSTEMPATH\Router\RouteCollection.php(339): require('C:\\laragon\\www\\Project Pweb2\\app\\Config\\Routes.php')
 4 SYSTEMPATH\CodeIgniter.php(821): CodeIgniter\Router\RouteCollection->loadRoutes()
 5 SYSTEMPATH\CodeIgniter.php(455): CodeIgniter\CodeIgniter->tryToRouteIt(null)
 6 SYSTEMPATH\CodeIgniter.php(354): CodeIgniter\CodeIgniter->handleRequest(null, Object(Config\Cache), false)
 7 SYSTEMPATH\Boot.php(363): CodeIgniter\CodeIgniter->run()
 8 SYSTEMPATH\Boot.php(68): CodeIgniter\Boot::runCodeIgniter(Object(CodeIgniter\CodeIgniter))
 9 FCPATH\index.php(59): CodeIgniter\Boot::bootWeb(Object(Config\Paths))
10 SYSTEMPATH\rewrite.php(44): require_once('C:\\laragon\\www\\Project Pweb2\\public\\index.php')
WARNING - 2025-12-19 03:44:34 --> [DEPRECATED] Passing lowercase HTTP method "post" is deprecated. Use uppercase HTTP method like "POST". in SYSTEMPATH\Router\RouteCollection.php on line 1026.
 1 SYSTEMPATH\Router\RouteCollection.php(1026): trigger_error('Passing lowercase HTTP method "post" is deprecated. Use uppercase HTTP method like "POST".', 16384)
 2 APPPATH\Config\Routes.php(15): CodeIgniter\Router\RouteCollection->match([...], 'login/auth', 'Login::auth')
 3 SYSTEMPATH\Router\RouteCollection.php(339): require('C:\\laragon\\www\\Project Pweb2\\app\\Config\\Routes.php')
 4 SYSTEMPATH\CodeIgniter.php(821): CodeIgniter\Router\RouteCollection->loadRoutes()
 5 SYSTEMPATH\CodeIgniter.php(455): CodeIgniter\CodeIgniter->tryToRouteIt(null)
 6 SYSTEMPATH\CodeIgniter.php(354): CodeIgniter\CodeIgniter->handleRequest(null, Object(Config\Cache), false)
 7 SYSTEMPATH\Boot.php(363): CodeIgniter\CodeIgniter->run()
 8 SYSTEMPATH\Boot.php(68): CodeIgniter\Boot::runCodeIgniter(Object(CodeIgniter\CodeIgniter))
 9 FCPATH\index.php(59): CodeIgniter\Boot::bootWeb(Object(Config\Paths))
10 SYSTEMPATH\rewrite.php(44): require_once('C:\\laragon\\www\\Project Pweb2\\public\\index.php')
DEBUG - 2025-12-19 03:44:34 --> Session: Class initialized using 'CodeIgniter\Session\Handlers\FileHandler' driver.
WARNING - 2025-12-19 03:44:41 --> [DEPRECATED] Passing lowercase HTTP method "get" is deprecated. Use uppercase HTTP method like "GET". in SYSTEMPATH\Router\RouteCollection.php on line 1026.
 1 SYSTEMPATH\Router\RouteCollection.php(1026): trigger_error('Passing lowercase HTTP method "get" is deprecated. Use uppercase HTTP method like "GET".', 16384)
 2 APPPATH\Config\Routes.php(15): CodeIgniter\Router\RouteCollection->match([...], 'login/auth', 'Login::auth')
 3 SYSTEMPATH\Router\RouteCollection.php(339): require('C:\\laragon\\www\\Project Pweb2\\app\\Config\\Routes.php')
 4 SYSTEMPATH\CodeIgniter.php(821): CodeIgniter\Router\RouteCollection->loadRoutes()
 5 SYSTEMPATH\CodeIgniter.php(455): CodeIgniter\CodeIgniter->tryToRouteIt(null)
 6 SYSTEMPATH\CodeIgniter.php(354): CodeIgniter\CodeIgniter->handleRequest(null, Object(Config\Cache), false)
 7 SYSTEMPATH\Boot.php(363): CodeIgniter\CodeIgniter->run()
 8 SYSTEMPATH\Boot.php(68): CodeIgniter\Boot::runCodeIgniter(Object(CodeIgniter\CodeIgniter))
 9 FCPATH\index.php(59): CodeIgniter\Boot::bootWeb(Object(Config\Paths))
10 SYSTEMPATH\rewrite.php(44): require_once('C:\\laragon\\www\\Project Pweb2\\public\\index.php')
WARNING - 2025-12-19 03:44:41 --> [DEPRECATED] Passing lowercase HTTP method "post" is deprecated. Use uppercase HTTP method like "POST". in SYSTEMPATH\Router\RouteCollection.php on line 1026.
 1 SYSTEMPATH\Router\RouteCollection.php(1026): trigger_error('Passing lowercase HTTP method "post" is deprecated. Use uppercase HTTP method like "POST".', 16384)
 2 APPPATH\Config\Routes.php(15): CodeIgniter\Router\RouteCollection->match([...], 'login/auth', 'Login::auth')
 3 SYSTEMPATH\Router\RouteCollection.php(339): require('C:\\laragon\\www\\Project Pweb2\\app\\Config\\Routes.php')
 4 SYSTEMPATH\CodeIgniter.php(821): CodeIgniter\Router\RouteCollection->loadRoutes()
 5 SYSTEMPATH\CodeIgniter.php(455): CodeIgniter\CodeIgniter->tryToRouteIt(null)
 6 SYSTEMPATH\CodeIgniter.php(354): CodeIgniter\CodeIgniter->handleRequest(null, Object(Config\Cache), false)
 7 SYSTEMPATH\Boot.php(363): CodeIgniter\CodeIgniter->run()
 8 SYSTEMPATH\Boot.php(68): CodeIgniter\Boot::runCodeIgniter(Object(CodeIgniter\CodeIgniter))
 9 FCPATH\index.php(59): CodeIgniter\Boot::bootWeb(Object(Config\Paths))
10 SYSTEMPATH\rewrite.php(44): require_once('C:\\laragon\\www\\Project Pweb2\\public\\index.php')
DEBUG - 2025-12-19 03:44:41 --> Session: Class initialized using 'CodeIgniter\Session\Handlers\FileHandler' driver.
WARNING - 2025-12-19 03:44:45 --> [DEPRECATED] Passing lowercase HTTP method "get" is deprecated. Use uppercase HTTP method like "GET". in SYSTEMPATH\Router\RouteCollection.php on line 1026.
 1 SYSTEMPATH\Router\RouteCollection.php(1026): trigger_error('Passing lowercase HTTP method "get" is deprecated. Use uppercase HTTP method like "GET".', 16384)
 2 APPPATH\Config\Routes.php(15): CodeIgniter\Router\RouteCollection->match([...], 'login/auth', 'Login::auth')
 3 SYSTEMPATH\Router\RouteCollection.php(339): require('C:\\laragon\\www\\Project Pweb2\\app\\Config\\Routes.php')
 4 SYSTEMPATH\CodeIgniter.php(821): CodeIgniter\Router\RouteCollection->loadRoutes()
 5 SYSTEMPATH\CodeIgniter.php(455): CodeIgniter\CodeIgniter->tryToRouteIt(null)
 6 SYSTEMPATH\CodeIgniter.php(354): CodeIgniter\CodeIgniter->handleRequest(null, Object(Config\Cache), false)
 7 SYSTEMPATH\Boot.php(363): CodeIgniter\CodeIgniter->run()
 8 SYSTEMPATH\Boot.php(68): CodeIgniter\Boot::runCodeIgniter(Object(CodeIgniter\CodeIgniter))
 9 FCPATH\index.php(59): CodeIgniter\Boot::bootWeb(Object(Config\Paths))
10 SYSTEMPATH\rewrite.php(44): require_once('C:\\laragon\\www\\Project Pweb2\\public\\index.php')
WARNING - 2025-12-19 03:44:45 --> [DEPRECATED] Passing lowercase HTTP method "post" is deprecated. Use uppercase HTTP method like "POST". in SYSTEMPATH\Router\RouteCollection.php on line 1026.
 1 SYSTEMPATH\Router\RouteCollection.php(1026): trigger_error('Passing lowercase HTTP method "post" is deprecated. Use uppercase HTTP method like "POST".', 16384)
 2 APPPATH\Config\Routes.php(15): CodeIgniter\Router\RouteCollection->match([...], 'login/auth', 'Login::auth')
 3 SYSTEMPATH\Router\RouteCollection.php(339): require('C:\\laragon\\www\\Project Pweb2\\app\\Config\\Routes.php')
 4 SYSTEMPATH\CodeIgniter.php(821): CodeIgniter\Router\RouteCollection->loadRoutes()
 5 SYSTEMPATH\CodeIgniter.php(455): CodeIgniter\CodeIgniter->tryToRouteIt(null)
 6 SYSTEMPATH\CodeIgniter.php(354): CodeIgniter\CodeIgniter->handleRequest(null, Object(Config\Cache), false)
 7 SYSTEMPATH\Boot.php(363): CodeIgniter\CodeIgniter->run()
 8 SYSTEMPATH\Boot.php(68): CodeIgniter\Boot::runCodeIgniter(Object(CodeIgniter\CodeIgniter))
 9 FCPATH\index.php(59): CodeIgniter\Boot::bootWeb(Object(Config\Paths))
10 SYSTEMPATH\rewrite.php(44): require_once('C:\\laragon\\www\\Project Pweb2\\public\\index.php')
DEBUG - 2025-12-19 03:44:45 --> Session: Class initialized using 'CodeIgniter\Session\Handlers\FileHandler' driver.
WARNING - 2025-12-19 03:44:45 --> [DEPRECATED] Passing lowercase HTTP method "get" is deprecated. Use uppercase HTTP method like "GET". in SYSTEMPATH\Router\RouteCollection.php on line 1026.
 1 SYSTEMPATH\Router\RouteCollection.php(1026): trigger_error('Passing lowercase HTTP method "get" is deprecated. Use uppercase HTTP method like "GET".', 16384)
 2 APPPATH\Config\Routes.php(15): CodeIgniter\Router\RouteCollection->match([...], 'login/auth', 'Login::auth')
 3 SYSTEMPATH\Router\RouteCollection.php(339): require('C:\\laragon\\www\\Project Pweb2\\app\\Config\\Routes.php')
 4 SYSTEMPATH\CodeIgniter.php(821): CodeIgniter\Router\RouteCollection->loadRoutes()
 5 SYSTEMPATH\CodeIgniter.php(455): CodeIgniter\CodeIgniter->tryToRouteIt(null)
 6 SYSTEMPATH\CodeIgniter.php(354): CodeIgniter\CodeIgniter->handleRequest(null, Object(Config\Cache), false)
 7 SYSTEMPATH\Boot.php(363): CodeIgniter\CodeIgniter->run()
 8 SYSTEMPATH\Boot.php(68): CodeIgniter\Boot::runCodeIgniter(Object(CodeIgniter\CodeIgniter))
 9 FCPATH\index.php(59): CodeIgniter\Boot::bootWeb(Object(Config\Paths))
10 SYSTEMPATH\rewrite.php(44): require_once('C:\\laragon\\www\\Project Pweb2\\public\\index.php')
WARNING - 2025-12-19 03:44:45 --> [DEPRECATED] Passing lowercase HTTP method "post" is deprecated. Use uppercase HTTP method like "POST". in SYSTEMPATH\Router\RouteCollection.php on line 1026.
 1 SYSTEMPATH\Router\RouteCollection.php(1026): trigger_error('Passing lowercase HTTP method "post" is deprecated. Use uppercase HTTP method like "POST".', 16384)
 2 APPPATH\Config\Routes.php(15): CodeIgniter\Router\RouteCollection->match([...], 'login/auth', 'Login::auth')
 3 SYSTEMPATH\Router\RouteCollection.php(339): require('C:\\laragon\\www\\Project Pweb2\\app\\Config\\Routes.php')
 4 SYSTEMPATH\CodeIgniter.php(821): CodeIgniter\Router\RouteCollection->loadRoutes()
 5 SYSTEMPATH\CodeIgniter.php(455): CodeIgniter\CodeIgniter->tryToRouteIt(null)
 6 SYSTEMPATH\CodeIgniter.php(354): CodeIgniter\CodeIgniter->handleRequest(null, Object(Config\Cache), false)
 7 SYSTEMPATH\Boot.php(363): CodeIgniter\CodeIgniter->run()
 8 SYSTEMPATH\Boot.php(68): CodeIgniter\Boot::runCodeIgniter(Object(CodeIgniter\CodeIgniter))
 9 FCPATH\index.php(59): CodeIgniter\Boot::bootWeb(Object(Config\Paths))
10 SYSTEMPATH\rewrite.php(44): require_once('C:\\laragon\\www\\Project Pweb2\\public\\index.php')
DEBUG - 2025-12-19 03:44:45 --> Session: Class initialized using 'CodeIgniter\Session\Handlers\FileHandler' driver.
WARNING - 2025-12-19 03:44:54 --> [DEPRECATED] Passing lowercase HTTP method "get" is deprecated. Use uppercase HTTP method like "GET". in SYSTEMPATH\Router\RouteCollection.php on line 1026.
 1 SYSTEMPATH\Router\RouteCollection.php(1026): trigger_error('Passing lowercase HTTP method "get" is deprecated. Use uppercase HTTP method like "GET".', 16384)
 2 APPPATH\Config\Routes.php(15): CodeIgniter\Router\RouteCollection->match([...], 'login/auth', 'Login::auth')
 3 SYSTEMPATH\Router\RouteCollection.php(339): require('C:\\laragon\\www\\Project Pweb2\\app\\Config\\Routes.php')
 4 SYSTEMPATH\CodeIgniter.php(821): CodeIgniter\Router\RouteCollection->loadRoutes()
 5 SYSTEMPATH\CodeIgniter.php(455): CodeIgniter\CodeIgniter->tryToRouteIt(null)
 6 SYSTEMPATH\CodeIgniter.php(354): CodeIgniter\CodeIgniter->handleRequest(null, Object(Config\Cache), false)
 7 SYSTEMPATH\Boot.php(363): CodeIgniter\CodeIgniter->run()
 8 SYSTEMPATH\Boot.php(68): CodeIgniter\Boot::runCodeIgniter(Object(CodeIgniter\CodeIgniter))
 9 FCPATH\index.php(59): CodeIgniter\Boot::bootWeb(Object(Config\Paths))
10 SYSTEMPATH\rewrite.php(44): require_once('C:\\laragon\\www\\Project Pweb2\\public\\index.php')
WARNING - 2025-12-19 03:44:54 --> [DEPRECATED] Passing lowercase HTTP method "post" is deprecated. Use uppercase HTTP method like "POST". in SYSTEMPATH\Router\RouteCollection.php on line 1026.
 1 SYSTEMPATH\Router\RouteCollection.php(1026): trigger_error('Passing lowercase HTTP method "post" is deprecated. Use uppercase HTTP method like "POST".', 16384)
 2 APPPATH\Config\Routes.php(15): CodeIgniter\Router\RouteCollection->match([...], 'login/auth', 'Login::auth')
 3 SYSTEMPATH\Router\RouteCollection.php(339): require('C:\\laragon\\www\\Project Pweb2\\app\\Config\\Routes.php')
 4 SYSTEMPATH\CodeIgniter.php(821): CodeIgniter\Router\RouteCollection->loadRoutes()
 5 SYSTEMPATH\CodeIgniter.php(455): CodeIgniter\CodeIgniter->tryToRouteIt(null)
 6 SYSTEMPATH\CodeIgniter.php(354): CodeIgniter\CodeIgniter->handleRequest(null, Object(Config\Cache), false)
 7 SYSTEMPATH\Boot.php(363): CodeIgniter\CodeIgniter->run()
 8 SYSTEMPATH\Boot.php(68): CodeIgniter\Boot::runCodeIgniter(Object(CodeIgniter\CodeIgniter))
 9 FCPATH\index.php(59): CodeIgniter\Boot::bootWeb(Object(Config\Paths))
10 SYSTEMPATH\rewrite.php(44): require_once('C:\\laragon\\www\\Project Pweb2\\public\\index.php')
DEBUG - 2025-12-19 03:44:54 --> Session: Class initialized using 'CodeIgniter\Session\Handlers\FileHandler' driver.
WARNING - 2025-12-19 03:44:54 --> [DEPRECATED] Passing lowercase HTTP method "get" is deprecated. Use uppercase HTTP method like "GET". in SYSTEMPATH\Router\RouteCollection.php on line 1026.
 1 SYSTEMPATH\Router\RouteCollection.php(1026): trigger_error('Passing lowercase HTTP method "get" is deprecated. Use uppercase HTTP method like "GET".', 16384)
 2 APPPATH\Config\Routes.php(15): CodeIgniter\Router\RouteCollection->match([...], 'login/auth', 'Login::auth')
 3 SYSTEMPATH\Router\RouteCollection.php(339): require('C:\\laragon\\www\\Project Pweb2\\app\\Config\\Routes.php')
 4 SYSTEMPATH\CodeIgniter.php(821): CodeIgniter\Router\RouteCollection->loadRoutes()
 5 SYSTEMPATH\CodeIgniter.php(455): CodeIgniter\CodeIgniter->tryToRouteIt(null)
 6 SYSTEMPATH\CodeIgniter.php(354): CodeIgniter\CodeIgniter->handleRequest(null, Object(Config\Cache), false)
 7 SYSTEMPATH\Boot.php(363): CodeIgniter\CodeIgniter->run()
 8 SYSTEMPATH\Boot.php(68): CodeIgniter\Boot::runCodeIgniter(Object(CodeIgniter\CodeIgniter))
 9 FCPATH\index.php(59): CodeIgniter\Boot::bootWeb(Object(Config\Paths))
10 SYSTEMPATH\rewrite.php(44): require_once('C:\\laragon\\www\\Project Pweb2\\public\\index.php')
WARNING - 2025-12-19 03:44:54 --> [DEPRECATED] Passing lowercase HTTP method "post" is deprecated. Use uppercase HTTP method like "POST". in SYSTEMPATH\Router\RouteCollection.php on line 1026.
 1 SYSTEMPATH\Router\RouteCollection.php(1026): trigger_error('Passing lowercase HTTP method "post" is deprecated. Use uppercase HTTP method like "POST".', 16384)
 2 APPPATH\Config\Routes.php(15): CodeIgniter\Router\RouteCollection->match([...], 'login/auth', 'Login::auth')
 3 SYSTEMPATH\Router\RouteCollection.php(339): require('C:\\laragon\\www\\Project Pweb2\\app\\Config\\Routes.php')
 4 SYSTEMPATH\CodeIgniter.php(821): CodeIgniter\Router\RouteCollection->loadRoutes()
 5 SYSTEMPATH\CodeIgniter.php(455): CodeIgniter\CodeIgniter->tryToRouteIt(null)
 6 SYSTEMPATH\CodeIgniter.php(354): CodeIgniter\CodeIgniter->handleRequest(null, Object(Config\Cache), false)
 7 SYSTEMPATH\Boot.php(363): CodeIgniter\CodeIgniter->run()
 8 SYSTEMPATH\Boot.php(68): CodeIgniter\Boot::runCodeIgniter(Object(CodeIgniter\CodeIgniter))
 9 FCPATH\index.php(59): CodeIgniter\Boot::bootWeb(Object(Config\Paths))
10 SYSTEMPATH\rewrite.php(44): require_once('C:\\laragon\\www\\Project Pweb2\\public\\index.php')
DEBUG - 2025-12-19 03:44:54 --> Session: Class initialized using 'CodeIgniter\Session\Handlers\FileHandler' driver.
WARNING - 2025-12-19 03:45:02 --> [DEPRECATED] Passing lowercase HTTP method "get" is deprecated. Use uppercase HTTP method like "GET". in SYSTEMPATH\Router\RouteCollection.php on line 1026.
 1 SYSTEMPATH\Router\RouteCollection.php(1026): trigger_error('Passing lowercase HTTP method "get" is deprecated. Use uppercase HTTP method like "GET".', 16384)
 2 APPPATH\Config\Routes.php(15): CodeIgniter\Router\RouteCollection->match([...], 'login/auth', 'Login::auth')
 3 SYSTEMPATH\Router\RouteCollection.php(339): require('C:\\laragon\\www\\Project Pweb2\\app\\Config\\Routes.php')
 4 SYSTEMPATH\CodeIgniter.php(821): CodeIgniter\Router\RouteCollection->loadRoutes()
 5 SYSTEMPATH\CodeIgniter.php(455): CodeIgniter\CodeIgniter->tryToRouteIt(null)
 6 SYSTEMPATH\CodeIgniter.php(354): CodeIgniter\CodeIgniter->handleRequest(null, Object(Config\Cache), false)
 7 SYSTEMPATH\Boot.php(363): CodeIgniter\CodeIgniter->run()
 8 SYSTEMPATH\Boot.php(68): CodeIgniter\Boot::runCodeIgniter(Object(CodeIgniter\CodeIgniter))
 9 FCPATH\index.php(59): CodeIgniter\Boot::bootWeb(Object(Config\Paths))
10 SYSTEMPATH\rewrite.php(44): require_once('C:\\laragon\\www\\Project Pweb2\\public\\index.php')
WARNING - 2025-12-19 03:45:02 --> [DEPRECATED] Passing lowercase HTTP method "post" is deprecated. Use uppercase HTTP method like "POST". in SYSTEMPATH\Router\RouteCollection.php on line 1026.
 1 SYSTEMPATH\Router\RouteCollection.php(1026): trigger_error('Passing lowercase HTTP method "post" is deprecated. Use uppercase HTTP method like "POST".', 16384)
 2 APPPATH\Config\Routes.php(15): CodeIgniter\Router\RouteCollection->match([...], 'login/auth', 'Login::auth')
 3 SYSTEMPATH\Router\RouteCollection.php(339): require('C:\\laragon\\www\\Project Pweb2\\app\\Config\\Routes.php')
 4 SYSTEMPATH\CodeIgniter.php(821): CodeIgniter\Router\RouteCollection->loadRoutes()
 5 SYSTEMPATH\CodeIgniter.php(455): CodeIgniter\CodeIgniter->tryToRouteIt(null)
 6 SYSTEMPATH\CodeIgniter.php(354): CodeIgniter\CodeIgniter->handleRequest(null, Object(Config\Cache), false)
 7 SYSTEMPATH\Boot.php(363): CodeIgniter\CodeIgniter->run()
 8 SYSTEMPATH\Boot.php(68): CodeIgniter\Boot::runCodeIgniter(Object(CodeIgniter\CodeIgniter))
 9 FCPATH\index.php(59): CodeIgniter\Boot::bootWeb(Object(Config\Paths))
10 SYSTEMPATH\rewrite.php(44): require_once('C:\\laragon\\www\\Project Pweb2\\public\\index.php')
DEBUG - 2025-12-19 03:45:02 --> Session: Class initialized using 'CodeIgniter\Session\Handlers\FileHandler' driver.
WARNING - 2025-12-19 03:45:03 --> [DEPRECATED] Passing lowercase HTTP method "get" is deprecated. Use uppercase HTTP method like "GET". in SYSTEMPATH\Router\RouteCollection.php on line 1026.
 1 SYSTEMPATH\Router\RouteCollection.php(1026): trigger_error('Passing lowercase HTTP method "get" is deprecated. Use uppercase HTTP method like "GET".', 16384)
 2 APPPATH\Config\Routes.php(15): CodeIgniter\Router\RouteCollection->match([...], 'login/auth', 'Login::auth')
 3 SYSTEMPATH\Router\RouteCollection.php(339): require('C:\\laragon\\www\\Project Pweb2\\app\\Config\\Routes.php')
 4 SYSTEMPATH\CodeIgniter.php(821): CodeIgniter\Router\RouteCollection->loadRoutes()
 5 SYSTEMPATH\CodeIgniter.php(455): CodeIgniter\CodeIgniter->tryToRouteIt(null)
 6 SYSTEMPATH\CodeIgniter.php(354): CodeIgniter\CodeIgniter->handleRequest(null, Object(Config\Cache), false)
 7 SYSTEMPATH\Boot.php(363): CodeIgniter\CodeIgniter->run()
 8 SYSTEMPATH\Boot.php(68): CodeIgniter\Boot::runCodeIgniter(Object(CodeIgniter\CodeIgniter))
 9 FCPATH\index.php(59): CodeIgniter\Boot::bootWeb(Object(Config\Paths))
10 SYSTEMPATH\rewrite.php(44): require_once('C:\\laragon\\www\\Project Pweb2\\public\\index.php')
WARNING - 2025-12-19 03:45:03 --> [DEPRECATED] Passing lowercase HTTP method "post" is deprecated. Use uppercase HTTP method like "POST". in SYSTEMPATH\Router\RouteCollection.php on line 1026.
 1 SYSTEMPATH\Router\RouteCollection.php(1026): trigger_error('Passing lowercase HTTP method "post" is deprecated. Use uppercase HTTP method like "POST".', 16384)
 2 APPPATH\Config\Routes.php(15): CodeIgniter\Router\RouteCollection->match([...], 'login/auth', 'Login::auth')
 3 SYSTEMPATH\Router\RouteCollection.php(339): require('C:\\laragon\\www\\Project Pweb2\\app\\Config\\Routes.php')
 4 SYSTEMPATH\CodeIgniter.php(821): CodeIgniter\Router\RouteCollection->loadRoutes()
 5 SYSTEMPATH\CodeIgniter.php(455): CodeIgniter\CodeIgniter->tryToRouteIt(null)
 6 SYSTEMPATH\CodeIgniter.php(354): CodeIgniter\CodeIgniter->handleRequest(null, Object(Config\Cache), false)
 7 SYSTEMPATH\Boot.php(363): CodeIgniter\CodeIgniter->run()
 8 SYSTEMPATH\Boot.php(68): CodeIgniter\Boot::runCodeIgniter(Object(CodeIgniter\CodeIgniter))
 9 FCPATH\index.php(59): CodeIgniter\Boot::bootWeb(Object(Config\Paths))
10 SYSTEMPATH\rewrite.php(44): require_once('C:\\laragon\\www\\Project Pweb2\\public\\index.php')
DEBUG - 2025-12-19 03:45:03 --> Session: Class initialized using 'CodeIgniter\Session\Handlers\FileHandler' driver.
WARNING - 2025-12-19 03:45:06 --> [DEPRECATED] Passing lowercase HTTP method "get" is deprecated. Use uppercase HTTP method like "GET". in SYSTEMPATH\Router\RouteCollection.php on line 1026.
 1 SYSTEMPATH\Router\RouteCollection.php(1026): trigger_error('Passing lowercase HTTP method "get" is deprecated. Use uppercase HTTP method like "GET".', 16384)
 2 APPPATH\Config\Routes.php(15): CodeIgniter\Router\RouteCollection->match([...], 'login/auth', 'Login::auth')
 3 SYSTEMPATH\Router\RouteCollection.php(339): require('C:\\laragon\\www\\Project Pweb2\\app\\Config\\Routes.php')
 4 SYSTEMPATH\CodeIgniter.php(821): CodeIgniter\Router\RouteCollection->loadRoutes()
 5 SYSTEMPATH\CodeIgniter.php(455): CodeIgniter\CodeIgniter->tryToRouteIt(null)
 6 SYSTEMPATH\CodeIgniter.php(354): CodeIgniter\CodeIgniter->handleRequest(null, Object(Config\Cache), false)
 7 SYSTEMPATH\Boot.php(363): CodeIgniter\CodeIgniter->run()
 8 SYSTEMPATH\Boot.php(68): CodeIgniter\Boot::runCodeIgniter(Object(CodeIgniter\CodeIgniter))
 9 FCPATH\index.php(59): CodeIgniter\Boot::bootWeb(Object(Config\Paths))
10 SYSTEMPATH\rewrite.php(44): require_once('C:\\laragon\\www\\Project Pweb2\\public\\index.php')
WARNING - 2025-12-19 03:45:06 --> [DEPRECATED] Passing lowercase HTTP method "post" is deprecated. Use uppercase HTTP method like "POST". in SYSTEMPATH\Router\RouteCollection.php on line 1026.
 1 SYSTEMPATH\Router\RouteCollection.php(1026): trigger_error('Passing lowercase HTTP method "post" is deprecated. Use uppercase HTTP method like "POST".', 16384)
 2 APPPATH\Config\Routes.php(15): CodeIgniter\Router\RouteCollection->match([...], 'login/auth', 'Login::auth')
 3 SYSTEMPATH\Router\RouteCollection.php(339): require('C:\\laragon\\www\\Project Pweb2\\app\\Config\\Routes.php')
 4 SYSTEMPATH\CodeIgniter.php(821): CodeIgniter\Router\RouteCollection->loadRoutes()
 5 SYSTEMPATH\CodeIgniter.php(455): CodeIgniter\CodeIgniter->tryToRouteIt(null)
 6 SYSTEMPATH\CodeIgniter.php(354): CodeIgniter\CodeIgniter->handleRequest(null, Object(Config\Cache), false)
 7 SYSTEMPATH\Boot.php(363): CodeIgniter\CodeIgniter->run()
 8 SYSTEMPATH\Boot.php(68): CodeIgniter\Boot::runCodeIgniter(Object(CodeIgniter\CodeIgniter))
 9 FCPATH\index.php(59): CodeIgniter\Boot::bootWeb(Object(Config\Paths))
10 SYSTEMPATH\rewrite.php(44): require_once('C:\\laragon\\www\\Project Pweb2\\public\\index.php')
DEBUG - 2025-12-19 03:45:07 --> Session: Class initialized using 'CodeIgniter\Session\Handlers\FileHandler' driver.
WARNING - 2025-12-19 03:45:10 --> [DEPRECATED] Passing lowercase HTTP method "get" is deprecated. Use uppercase HTTP method like "GET". in SYSTEMPATH\Router\RouteCollection.php on line 1026.
 1 SYSTEMPATH\Router\RouteCollection.php(1026): trigger_error('Passing lowercase HTTP method "get" is deprecated. Use uppercase HTTP method like "GET".', 16384)
 2 APPPATH\Config\Routes.php(15): CodeIgniter\Router\RouteCollection->match([...], 'login/auth', 'Login::auth')
 3 SYSTEMPATH\Router\RouteCollection.php(339): require('C:\\laragon\\www\\Project Pweb2\\app\\Config\\Routes.php')
 4 SYSTEMPATH\CodeIgniter.php(821): CodeIgniter\Router\RouteCollection->loadRoutes()
 5 SYSTEMPATH\CodeIgniter.php(455): CodeIgniter\CodeIgniter->tryToRouteIt(null)
 6 SYSTEMPATH\CodeIgniter.php(354): CodeIgniter\CodeIgniter->handleRequest(null, Object(Config\Cache), false)
 7 SYSTEMPATH\Boot.php(363): CodeIgniter\CodeIgniter->run()
 8 SYSTEMPATH\Boot.php(68): CodeIgniter\Boot::runCodeIgniter(Object(CodeIgniter\CodeIgniter))
 9 FCPATH\index.php(59): CodeIgniter\Boot::bootWeb(Object(Config\Paths))
10 SYSTEMPATH\rewrite.php(44): require_once('C:\\laragon\\www\\Project Pweb2\\public\\index.php')
WARNING - 2025-12-19 03:45:10 --> [DEPRECATED] Passing lowercase HTTP method "post" is deprecated. Use uppercase HTTP method like "POST". in SYSTEMPATH\Router\RouteCollection.php on line 1026.
 1 SYSTEMPATH\Router\RouteCollection.php(1026): trigger_error('Passing lowercase HTTP method "post" is deprecated. Use uppercase HTTP method like "POST".', 16384)
 2 APPPATH\Config\Routes.php(15): CodeIgniter\Router\RouteCollection->match([...], 'login/auth', 'Login::auth')
 3 SYSTEMPATH\Router\RouteCollection.php(339): require('C:\\laragon\\www\\Project Pweb2\\app\\Config\\Routes.php')
 4 SYSTEMPATH\CodeIgniter.php(821): CodeIgniter\Router\RouteCollection->loadRoutes()
 5 SYSTEMPATH\CodeIgniter.php(455): CodeIgniter\CodeIgniter->tryToRouteIt(null)
 6 SYSTEMPATH\CodeIgniter.php(354): CodeIgniter\CodeIgniter->handleRequest(null, Object(Config\Cache), false)
 7 SYSTEMPATH\Boot.php(363): CodeIgniter\CodeIgniter->run()
 8 SYSTEMPATH\Boot.php(68): CodeIgniter\Boot::runCodeIgniter(Object(CodeIgniter\CodeIgniter))
 9 FCPATH\index.php(59): CodeIgniter\Boot::bootWeb(Object(Config\Paths))
10 SYSTEMPATH\rewrite.php(44): require_once('C:\\laragon\\www\\Project Pweb2\\public\\index.php')
DEBUG - 2025-12-19 03:45:10 --> Session: Class initialized using 'CodeIgniter\Session\Handlers\FileHandler' driver.
WARNING - 2025-12-19 03:45:25 --> [DEPRECATED] Passing lowercase HTTP method "get" is deprecated. Use uppercase HTTP method like "GET". in SYSTEMPATH\Router\RouteCollection.php on line 1026.
 1 SYSTEMPATH\Router\RouteCollection.php(1026): trigger_error('Passing lowercase HTTP method "get" is deprecated. Use uppercase HTTP method like "GET".', 16384)
 2 APPPATH\Config\Routes.php(15): CodeIgniter\Router\RouteCollection->match([...], 'login/auth', 'Login::auth')
 3 SYSTEMPATH\Router\RouteCollection.php(339): require('C:\\laragon\\www\\Project Pweb2\\app\\Config\\Routes.php')
 4 SYSTEMPATH\CodeIgniter.php(821): CodeIgniter\Router\RouteCollection->loadRoutes()
 5 SYSTEMPATH\CodeIgniter.php(455): CodeIgniter\CodeIgniter->tryToRouteIt(null)
 6 SYSTEMPATH\CodeIgniter.php(354): CodeIgniter\CodeIgniter->handleRequest(null, Object(Config\Cache), false)
 7 SYSTEMPATH\Boot.php(363): CodeIgniter\CodeIgniter->run()
 8 SYSTEMPATH\Boot.php(68): CodeIgniter\Boot::runCodeIgniter(Object(CodeIgniter\CodeIgniter))
 9 FCPATH\index.php(59): CodeIgniter\Boot::bootWeb(Object(Config\Paths))
10 SYSTEMPATH\rewrite.php(44): require_once('C:\\laragon\\www\\Project Pweb2\\public\\index.php')
WARNING - 2025-12-19 03:45:25 --> [DEPRECATED] Passing lowercase HTTP method "post" is deprecated. Use uppercase HTTP method like "POST". in SYSTEMPATH\Router\RouteCollection.php on line 1026.
 1 SYSTEMPATH\Router\RouteCollection.php(1026): trigger_error('Passing lowercase HTTP method "post" is deprecated. Use uppercase HTTP method like "POST".', 16384)
 2 APPPATH\Config\Routes.php(15): CodeIgniter\Router\RouteCollection->match([...], 'login/auth', 'Login::auth')
 3 SYSTEMPATH\Router\RouteCollection.php(339): require('C:\\laragon\\www\\Project Pweb2\\app\\Config\\Routes.php')
 4 SYSTEMPATH\CodeIgniter.php(821): CodeIgniter\Router\RouteCollection->loadRoutes()
 5 SYSTEMPATH\CodeIgniter.php(455): CodeIgniter\CodeIgniter->tryToRouteIt(null)
 6 SYSTEMPATH\CodeIgniter.php(354): CodeIgniter\CodeIgniter->handleRequest(null, Object(Config\Cache), false)
 7 SYSTEMPATH\Boot.php(363): CodeIgniter\CodeIgniter->run()
 8 SYSTEMPATH\Boot.php(68): CodeIgniter\Boot::runCodeIgniter(Object(CodeIgniter\CodeIgniter))
 9 FCPATH\index.php(59): CodeIgniter\Boot::bootWeb(Object(Config\Paths))
10 SYSTEMPATH\rewrite.php(44): require_once('C:\\laragon\\www\\Project Pweb2\\public\\index.php')
DEBUG - 2025-12-19 03:45:25 --> Session: Class initialized using 'CodeIgniter\Session\Handlers\FileHandler' driver.
WARNING - 2025-12-19 03:45:25 --> [DEPRECATED] Passing lowercase HTTP method "get" is deprecated. Use uppercase HTTP method like "GET". in SYSTEMPATH\Router\RouteCollection.php on line 1026.
 1 SYSTEMPATH\Router\RouteCollection.php(1026): trigger_error('Passing lowercase HTTP method "get" is deprecated. Use uppercase HTTP method like "GET".', 16384)
 2 APPPATH\Config\Routes.php(15): CodeIgniter\Router\RouteCollection->match([...], 'login/auth', 'Login::auth')
 3 SYSTEMPATH\Router\RouteCollection.php(339): require('C:\\laragon\\www\\Project Pweb2\\app\\Config\\Routes.php')
 4 SYSTEMPATH\CodeIgniter.php(821): CodeIgniter\Router\RouteCollection->loadRoutes()
 5 SYSTEMPATH\CodeIgniter.php(455): CodeIgniter\CodeIgniter->tryToRouteIt(null)
 6 SYSTEMPATH\CodeIgniter.php(354): CodeIgniter\CodeIgniter->handleRequest(null, Object(Config\Cache), false)
 7 SYSTEMPATH\Boot.php(363): CodeIgniter\CodeIgniter->run()
 8 SYSTEMPATH\Boot.php(68): CodeIgniter\Boot::runCodeIgniter(Object(CodeIgniter\CodeIgniter))
 9 FCPATH\index.php(59): CodeIgniter\Boot::bootWeb(Object(Config\Paths))
10 SYSTEMPATH\rewrite.php(44): require_once('C:\\laragon\\www\\Project Pweb2\\public\\index.php')
WARNING - 2025-12-19 03:45:25 --> [DEPRECATED] Passing lowercase HTTP method "post" is deprecated. Use uppercase HTTP method like "POST". in SYSTEMPATH\Router\RouteCollection.php on line 1026.
 1 SYSTEMPATH\Router\RouteCollection.php(1026): trigger_error('Passing lowercase HTTP method "post" is deprecated. Use uppercase HTTP method like "POST".', 16384)
 2 APPPATH\Config\Routes.php(15): CodeIgniter\Router\RouteCollection->match([...], 'login/auth', 'Login::auth')
 3 SYSTEMPATH\Router\RouteCollection.php(339): require('C:\\laragon\\www\\Project Pweb2\\app\\Config\\Routes.php')
 4 SYSTEMPATH\CodeIgniter.php(821): CodeIgniter\Router\RouteCollection->loadRoutes()
 5 SYSTEMPATH\CodeIgniter.php(455): CodeIgniter\CodeIgniter->tryToRouteIt(null)
 6 SYSTEMPATH\CodeIgniter.php(354): CodeIgniter\CodeIgniter->handleRequest(null, Object(Config\Cache), false)
 7 SYSTEMPATH\Boot.php(363): CodeIgniter\CodeIgniter->run()
 8 SYSTEMPATH\Boot.php(68): CodeIgniter\Boot::runCodeIgniter(Object(CodeIgniter\CodeIgniter))
 9 FCPATH\index.php(59): CodeIgniter\Boot::bootWeb(Object(Config\Paths))
10 SYSTEMPATH\rewrite.php(44): require_once('C:\\laragon\\www\\Project Pweb2\\public\\index.php')
DEBUG - 2025-12-19 03:45:25 --> Session: Class initialized using 'CodeIgniter\Session\Handlers\FileHandler' driver.
WARNING - 2025-12-19 03:47:05 --> [DEPRECATED] Passing lowercase HTTP method "get" is deprecated. Use uppercase HTTP method like "GET". in SYSTEMPATH\Router\RouteCollection.php on line 1026.
 1 SYSTEMPATH\Router\RouteCollection.php(1026): trigger_error('Passing lowercase HTTP method "get" is deprecated. Use uppercase HTTP method like "GET".', 16384)
 2 APPPATH\Config\Routes.php(15): CodeIgniter\Router\RouteCollection->match([...], 'login/auth', 'Login::auth')
 3 SYSTEMPATH\Router\RouteCollection.php(339): require('C:\\laragon\\www\\Project Pweb2\\app\\Config\\Routes.php')
 4 SYSTEMPATH\CodeIgniter.php(821): CodeIgniter\Router\RouteCollection->loadRoutes()
 5 SYSTEMPATH\CodeIgniter.php(455): CodeIgniter\CodeIgniter->tryToRouteIt(null)
 6 SYSTEMPATH\CodeIgniter.php(354): CodeIgniter\CodeIgniter->handleRequest(null, Object(Config\Cache), false)
 7 SYSTEMPATH\Boot.php(363): CodeIgniter\CodeIgniter->run()
 8 SYSTEMPATH\Boot.php(68): CodeIgniter\Boot::runCodeIgniter(Object(CodeIgniter\CodeIgniter))
 9 FCPATH\index.php(59): CodeIgniter\Boot::bootWeb(Object(Config\Paths))
10 SYSTEMPATH\rewrite.php(44): require_once('C:\\laragon\\www\\Project Pweb2\\public\\index.php')
WARNING - 2025-12-19 03:47:05 --> [DEPRECATED] Passing lowercase HTTP method "post" is deprecated. Use uppercase HTTP method like "POST". in SYSTEMPATH\Router\RouteCollection.php on line 1026.
 1 SYSTEMPATH\Router\RouteCollection.php(1026): trigger_error('Passing lowercase HTTP method "post" is deprecated. Use uppercase HTTP method like "POST".', 16384)
 2 APPPATH\Config\Routes.php(15): CodeIgniter\Router\RouteCollection->match([...], 'login/auth', 'Login::auth')
 3 SYSTEMPATH\Router\RouteCollection.php(339): require('C:\\laragon\\www\\Project Pweb2\\app\\Config\\Routes.php')
 4 SYSTEMPATH\CodeIgniter.php(821): CodeIgniter\Router\RouteCollection->loadRoutes()
 5 SYSTEMPATH\CodeIgniter.php(455): CodeIgniter\CodeIgniter->tryToRouteIt(null)
 6 SYSTEMPATH\CodeIgniter.php(354): CodeIgniter\CodeIgniter->handleRequest(null, Object(Config\Cache), false)
 7 SYSTEMPATH\Boot.php(363): CodeIgniter\CodeIgniter->run()
 8 SYSTEMPATH\Boot.php(68): CodeIgniter\Boot::runCodeIgniter(Object(CodeIgniter\CodeIgniter))
 9 FCPATH\index.php(59): CodeIgniter\Boot::bootWeb(Object(Config\Paths))
10 SYSTEMPATH\rewrite.php(44): require_once('C:\\laragon\\www\\Project Pweb2\\public\\index.php')
DEBUG - 2025-12-19 03:47:05 --> Session: Class initialized using 'CodeIgniter\Session\Handlers\FileHandler' driver.
WARNING - 2025-12-19 03:47:12 --> [DEPRECATED] Passing lowercase HTTP method "get" is deprecated. Use uppercase HTTP method like "GET". in SYSTEMPATH\Router\RouteCollection.php on line 1026.
 1 SYSTEMPATH\Router\RouteCollection.php(1026): trigger_error('Passing lowercase HTTP method "get" is deprecated. Use uppercase HTTP method like "GET".', 16384)
 2 APPPATH\Config\Routes.php(15): CodeIgniter\Router\RouteCollection->match([...], 'login/auth', 'Login::auth')
 3 SYSTEMPATH\Router\RouteCollection.php(339): require('C:\\laragon\\www\\Project Pweb2\\app\\Config\\Routes.php')
 4 SYSTEMPATH\CodeIgniter.php(821): CodeIgniter\Router\RouteCollection->loadRoutes()
 5 SYSTEMPATH\CodeIgniter.php(455): CodeIgniter\CodeIgniter->tryToRouteIt(null)
 6 SYSTEMPATH\CodeIgniter.php(354): CodeIgniter\CodeIgniter->handleRequest(null, Object(Config\Cache), false)
 7 SYSTEMPATH\Boot.php(363): CodeIgniter\CodeIgniter->run()
 8 SYSTEMPATH\Boot.php(68): CodeIgniter\Boot::runCodeIgniter(Object(CodeIgniter\CodeIgniter))
 9 FCPATH\index.php(59): CodeIgniter\Boot::bootWeb(Object(Config\Paths))
10 SYSTEMPATH\rewrite.php(44): require_once('C:\\laragon\\www\\Project Pweb2\\public\\index.php')
WARNING - 2025-12-19 03:47:12 --> [DEPRECATED] Passing lowercase HTTP method "post" is deprecated. Use uppercase HTTP method like "POST". in SYSTEMPATH\Router\RouteCollection.php on line 1026.
 1 SYSTEMPATH\Router\RouteCollection.php(1026): trigger_error('Passing lowercase HTTP method "post" is deprecated. Use uppercase HTTP method like "POST".', 16384)
 2 APPPATH\Config\Routes.php(15): CodeIgniter\Router\RouteCollection->match([...], 'login/auth', 'Login::auth')
 3 SYSTEMPATH\Router\RouteCollection.php(339): require('C:\\laragon\\www\\Project Pweb2\\app\\Config\\Routes.php')
 4 SYSTEMPATH\CodeIgniter.php(821): CodeIgniter\Router\RouteCollection->loadRoutes()
 5 SYSTEMPATH\CodeIgniter.php(455): CodeIgniter\CodeIgniter->tryToRouteIt(null)
 6 SYSTEMPATH\CodeIgniter.php(354): CodeIgniter\CodeIgniter->handleRequest(null, Object(Config\Cache), false)
 7 SYSTEMPATH\Boot.php(363): CodeIgniter\CodeIgniter->run()
 8 SYSTEMPATH\Boot.php(68): CodeIgniter\Boot::runCodeIgniter(Object(CodeIgniter\CodeIgniter))
 9 FCPATH\index.php(59): CodeIgniter\Boot::bootWeb(Object(Config\Paths))
10 SYSTEMPATH\rewrite.php(44): require_once('C:\\laragon\\www\\Project Pweb2\\public\\index.php')
DEBUG - 2025-12-19 03:47:12 --> Session: Class initialized using 'CodeIgniter\Session\Handlers\FileHandler' driver.
WARNING - 2025-12-19 03:47:13 --> [DEPRECATED] Passing lowercase HTTP method "get" is deprecated. Use uppercase HTTP method like "GET". in SYSTEMPATH\Router\RouteCollection.php on line 1026.
 1 SYSTEMPATH\Router\RouteCollection.php(1026): trigger_error('Passing lowercase HTTP method "get" is deprecated. Use uppercase HTTP method like "GET".', 16384)
 2 APPPATH\Config\Routes.php(15): CodeIgniter\Router\RouteCollection->match([...], 'login/auth', 'Login::auth')
 3 SYSTEMPATH\Router\RouteCollection.php(339): require('C:\\laragon\\www\\Project Pweb2\\app\\Config\\Routes.php')
 4 SYSTEMPATH\CodeIgniter.php(821): CodeIgniter\Router\RouteCollection->loadRoutes()
 5 SYSTEMPATH\CodeIgniter.php(455): CodeIgniter\CodeIgniter->tryToRouteIt(null)
 6 SYSTEMPATH\CodeIgniter.php(354): CodeIgniter\CodeIgniter->handleRequest(null, Object(Config\Cache), false)
 7 SYSTEMPATH\Boot.php(363): CodeIgniter\CodeIgniter->run()
 8 SYSTEMPATH\Boot.php(68): CodeIgniter\Boot::runCodeIgniter(Object(CodeIgniter\CodeIgniter))
 9 FCPATH\index.php(59): CodeIgniter\Boot::bootWeb(Object(Config\Paths))
10 SYSTEMPATH\rewrite.php(44): require_once('C:\\laragon\\www\\Project Pweb2\\public\\index.php')
WARNING - 2025-12-19 03:47:13 --> [DEPRECATED] Passing lowercase HTTP method "post" is deprecated. Use uppercase HTTP method like "POST". in SYSTEMPATH\Router\RouteCollection.php on line 1026.
 1 SYSTEMPATH\Router\RouteCollection.php(1026): trigger_error('Passing lowercase HTTP method "post" is deprecated. Use uppercase HTTP method like "POST".', 16384)
 2 APPPATH\Config\Routes.php(15): CodeIgniter\Router\RouteCollection->match([...], 'login/auth', 'Login::auth')
 3 SYSTEMPATH\Router\RouteCollection.php(339): require('C:\\laragon\\www\\Project Pweb2\\app\\Config\\Routes.php')
 4 SYSTEMPATH\CodeIgniter.php(821): CodeIgniter\Router\RouteCollection->loadRoutes()
 5 SYSTEMPATH\CodeIgniter.php(455): CodeIgniter\CodeIgniter->tryToRouteIt(null)
 6 SYSTEMPATH\CodeIgniter.php(354): CodeIgniter\CodeIgniter->handleRequest(null, Object(Config\Cache), false)
 7 SYSTEMPATH\Boot.php(363): CodeIgniter\CodeIgniter->run()
 8 SYSTEMPATH\Boot.php(68): CodeIgniter\Boot::runCodeIgniter(Object(CodeIgniter\CodeIgniter))
 9 FCPATH\index.php(59): CodeIgniter\Boot::bootWeb(Object(Config\Paths))
10 SYSTEMPATH\rewrite.php(44): require_once('C:\\laragon\\www\\Project Pweb2\\public\\index.php')
DEBUG - 2025-12-19 03:47:13 --> Session: Class initialized using 'CodeIgniter\Session\Handlers\FileHandler' driver.
WARNING - 2025-12-19 03:48:35 --> [DEPRECATED] Passing lowercase HTTP method "get" is deprecated. Use uppercase HTTP method like "GET". in SYSTEMPATH\Router\RouteCollection.php on line 1026.
 1 SYSTEMPATH\Router\RouteCollection.php(1026): trigger_error('Passing lowercase HTTP method "get" is deprecated. Use uppercase HTTP method like "GET".', 16384)
 2 APPPATH\Config\Routes.php(15): CodeIgniter\Router\RouteCollection->match([...], 'login/auth', 'Login::auth')
 3 SYSTEMPATH\Router\RouteCollection.php(339): require('C:\\laragon\\www\\Project Pweb2\\app\\Config\\Routes.php')
 4 SYSTEMPATH\CodeIgniter.php(821): CodeIgniter\Router\RouteCollection->loadRoutes()
 5 SYSTEMPATH\CodeIgniter.php(455): CodeIgniter\CodeIgniter->tryToRouteIt(null)
 6 SYSTEMPATH\CodeIgniter.php(354): CodeIgniter\CodeIgniter->handleRequest(null, Object(Config\Cache), false)
 7 SYSTEMPATH\Boot.php(363): CodeIgniter\CodeIgniter->run()
 8 SYSTEMPATH\Boot.php(68): CodeIgniter\Boot::runCodeIgniter(Object(CodeIgniter\CodeIgniter))
 9 FCPATH\index.php(59): CodeIgniter\Boot::bootWeb(Object(Config\Paths))
10 SYSTEMPATH\rewrite.php(44): require_once('C:\\laragon\\www\\Project Pweb2\\public\\index.php')
WARNING - 2025-12-19 03:48:35 --> [DEPRECATED] Passing lowercase HTTP method "post" is deprecated. Use uppercase HTTP method like "POST". in SYSTEMPATH\Router\RouteCollection.php on line 1026.
 1 SYSTEMPATH\Router\RouteCollection.php(1026): trigger_error('Passing lowercase HTTP method "post" is deprecated. Use uppercase HTTP method like "POST".', 16384)
 2 APPPATH\Config\Routes.php(15): CodeIgniter\Router\RouteCollection->match([...], 'login/auth', 'Login::auth')
 3 SYSTEMPATH\Router\RouteCollection.php(339): require('C:\\laragon\\www\\Project Pweb2\\app\\Config\\Routes.php')
 4 SYSTEMPATH\CodeIgniter.php(821): CodeIgniter\Router\RouteCollection->loadRoutes()
 5 SYSTEMPATH\CodeIgniter.php(455): CodeIgniter\CodeIgniter->tryToRouteIt(null)
 6 SYSTEMPATH\CodeIgniter.php(354): CodeIgniter\CodeIgniter->handleRequest(null, Object(Config\Cache), false)
 7 SYSTEMPATH\Boot.php(363): CodeIgniter\CodeIgniter->run()
 8 SYSTEMPATH\Boot.php(68): CodeIgniter\Boot::runCodeIgniter(Object(CodeIgniter\CodeIgniter))
 9 FCPATH\index.php(59): CodeIgniter\Boot::bootWeb(Object(Config\Paths))
10 SYSTEMPATH\rewrite.php(44): require_once('C:\\laragon\\www\\Project Pweb2\\public\\index.php')
DEBUG - 2025-12-19 03:48:35 --> Session: Class initialized using 'CodeIgniter\Session\Handlers\FileHandler' driver.
WARNING - 2025-12-19 03:48:44 --> [DEPRECATED] Passing lowercase HTTP method "get" is deprecated. Use uppercase HTTP method like "GET". in SYSTEMPATH\Router\RouteCollection.php on line 1026.
 1 SYSTEMPATH\Router\RouteCollection.php(1026): trigger_error('Passing lowercase HTTP method "get" is deprecated. Use uppercase HTTP method like "GET".', 16384)
 2 APPPATH\Config\Routes.php(15): CodeIgniter\Router\RouteCollection->match([...], 'login/auth', 'Login::auth')
 3 SYSTEMPATH\Router\RouteCollection.php(339): require('C:\\laragon\\www\\Project Pweb2\\app\\Config\\Routes.php')
 4 SYSTEMPATH\CodeIgniter.php(821): CodeIgniter\Router\RouteCollection->loadRoutes()
 5 SYSTEMPATH\CodeIgniter.php(455): CodeIgniter\CodeIgniter->tryToRouteIt(null)
 6 SYSTEMPATH\CodeIgniter.php(354): CodeIgniter\CodeIgniter->handleRequest(null, Object(Config\Cache), false)
 7 SYSTEMPATH\Boot.php(363): CodeIgniter\CodeIgniter->run()
 8 SYSTEMPATH\Boot.php(68): CodeIgniter\Boot::runCodeIgniter(Object(CodeIgniter\CodeIgniter))
 9 FCPATH\index.php(59): CodeIgniter\Boot::bootWeb(Object(Config\Paths))
10 SYSTEMPATH\rewrite.php(44): require_once('C:\\laragon\\www\\Project Pweb2\\public\\index.php')
WARNING - 2025-12-19 03:48:44 --> [DEPRECATED] Passing lowercase HTTP method "post" is deprecated. Use uppercase HTTP method like "POST". in SYSTEMPATH\Router\RouteCollection.php on line 1026.
 1 SYSTEMPATH\Router\RouteCollection.php(1026): trigger_error('Passing lowercase HTTP method "post" is deprecated. Use uppercase HTTP method like "POST".', 16384)
 2 APPPATH\Config\Routes.php(15): CodeIgniter\Router\RouteCollection->match([...], 'login/auth', 'Login::auth')
 3 SYSTEMPATH\Router\RouteCollection.php(339): require('C:\\laragon\\www\\Project Pweb2\\app\\Config\\Routes.php')
 4 SYSTEMPATH\CodeIgniter.php(821): CodeIgniter\Router\RouteCollection->loadRoutes()
 5 SYSTEMPATH\CodeIgniter.php(455): CodeIgniter\CodeIgniter->tryToRouteIt(null)
 6 SYSTEMPATH\CodeIgniter.php(354): CodeIgniter\CodeIgniter->handleRequest(null, Object(Config\Cache), false)
 7 SYSTEMPATH\Boot.php(363): CodeIgniter\CodeIgniter->run()
 8 SYSTEMPATH\Boot.php(68): CodeIgniter\Boot::runCodeIgniter(Object(CodeIgniter\CodeIgniter))
 9 FCPATH\index.php(59): CodeIgniter\Boot::bootWeb(Object(Config\Paths))
10 SYSTEMPATH\rewrite.php(44): require_once('C:\\laragon\\www\\Project Pweb2\\public\\index.php')
DEBUG - 2025-12-19 03:48:44 --> Session: Class initialized using 'CodeIgniter\Session\Handlers\FileHandler' driver.
WARNING - 2025-12-19 03:48:44 --> [DEPRECATED] Passing lowercase HTTP method "get" is deprecated. Use uppercase HTTP method like "GET". in SYSTEMPATH\Router\RouteCollection.php on line 1026.
 1 SYSTEMPATH\Router\RouteCollection.php(1026): trigger_error('Passing lowercase HTTP method "get" is deprecated. Use uppercase HTTP method like "GET".', 16384)
 2 APPPATH\Config\Routes.php(15): CodeIgniter\Router\RouteCollection->match([...], 'login/auth', 'Login::auth')
 3 SYSTEMPATH\Router\RouteCollection.php(339): require('C:\\laragon\\www\\Project Pweb2\\app\\Config\\Routes.php')
 4 SYSTEMPATH\CodeIgniter.php(821): CodeIgniter\Router\RouteCollection->loadRoutes()
 5 SYSTEMPATH\CodeIgniter.php(455): CodeIgniter\CodeIgniter->tryToRouteIt(null)
 6 SYSTEMPATH\CodeIgniter.php(354): CodeIgniter\CodeIgniter->handleRequest(null, Object(Config\Cache), false)
 7 SYSTEMPATH\Boot.php(363): CodeIgniter\CodeIgniter->run()
 8 SYSTEMPATH\Boot.php(68): CodeIgniter\Boot::runCodeIgniter(Object(CodeIgniter\CodeIgniter))
 9 FCPATH\index.php(59): CodeIgniter\Boot::bootWeb(Object(Config\Paths))
10 SYSTEMPATH\rewrite.php(44): require_once('C:\\laragon\\www\\Project Pweb2\\public\\index.php')
WARNING - 2025-12-19 03:48:44 --> [DEPRECATED] Passing lowercase HTTP method "post" is deprecated. Use uppercase HTTP method like "POST". in SYSTEMPATH\Router\RouteCollection.php on line 1026.
 1 SYSTEMPATH\Router\RouteCollection.php(1026): trigger_error('Passing lowercase HTTP method "post" is deprecated. Use uppercase HTTP method like "POST".', 16384)
 2 APPPATH\Config\Routes.php(15): CodeIgniter\Router\RouteCollection->match([...], 'login/auth', 'Login::auth')
 3 SYSTEMPATH\Router\RouteCollection.php(339): require('C:\\laragon\\www\\Project Pweb2\\app\\Config\\Routes.php')
 4 SYSTEMPATH\CodeIgniter.php(821): CodeIgniter\Router\RouteCollection->loadRoutes()
 5 SYSTEMPATH\CodeIgniter.php(455): CodeIgniter\CodeIgniter->tryToRouteIt(null)
 6 SYSTEMPATH\CodeIgniter.php(354): CodeIgniter\CodeIgniter->handleRequest(null, Object(Config\Cache), false)
 7 SYSTEMPATH\Boot.php(363): CodeIgniter\CodeIgniter->run()
 8 SYSTEMPATH\Boot.php(68): CodeIgniter\Boot::runCodeIgniter(Object(CodeIgniter\CodeIgniter))
 9 FCPATH\index.php(59): CodeIgniter\Boot::bootWeb(Object(Config\Paths))
10 SYSTEMPATH\rewrite.php(44): require_once('C:\\laragon\\www\\Project Pweb2\\public\\index.php')
DEBUG - 2025-12-19 03:48:44 --> Session: Class initialized using 'CodeIgniter\Session\Handlers\FileHandler' driver.
WARNING - 2025-12-19 03:48:48 --> [DEPRECATED] Passing lowercase HTTP method "get" is deprecated. Use uppercase HTTP method like "GET". in SYSTEMPATH\Router\RouteCollection.php on line 1026.
 1 SYSTEMPATH\Router\RouteCollection.php(1026): trigger_error('Passing lowercase HTTP method "get" is deprecated. Use uppercase HTTP method like "GET".', 16384)
 2 APPPATH\Config\Routes.php(15): CodeIgniter\Router\RouteCollection->match([...], 'login/auth', 'Login::auth')
 3 SYSTEMPATH\Router\RouteCollection.php(339): require('C:\\laragon\\www\\Project Pweb2\\app\\Config\\Routes.php')
 4 SYSTEMPATH\CodeIgniter.php(821): CodeIgniter\Router\RouteCollection->loadRoutes()
 5 SYSTEMPATH\CodeIgniter.php(455): CodeIgniter\CodeIgniter->tryToRouteIt(null)
 6 SYSTEMPATH\CodeIgniter.php(354): CodeIgniter\CodeIgniter->handleRequest(null, Object(Config\Cache), false)
 7 SYSTEMPATH\Boot.php(363): CodeIgniter\CodeIgniter->run()
 8 SYSTEMPATH\Boot.php(68): CodeIgniter\Boot::runCodeIgniter(Object(CodeIgniter\CodeIgniter))
 9 FCPATH\index.php(59): CodeIgniter\Boot::bootWeb(Object(Config\Paths))
10 SYSTEMPATH\rewrite.php(44): require_once('C:\\laragon\\www\\Project Pweb2\\public\\index.php')
WARNING - 2025-12-19 03:48:48 --> [DEPRECATED] Passing lowercase HTTP method "post" is deprecated. Use uppercase HTTP method like "POST". in SYSTEMPATH\Router\RouteCollection.php on line 1026.
 1 SYSTEMPATH\Router\RouteCollection.php(1026): trigger_error('Passing lowercase HTTP method "post" is deprecated. Use uppercase HTTP method like "POST".', 16384)
 2 APPPATH\Config\Routes.php(15): CodeIgniter\Router\RouteCollection->match([...], 'login/auth', 'Login::auth')
 3 SYSTEMPATH\Router\RouteCollection.php(339): require('C:\\laragon\\www\\Project Pweb2\\app\\Config\\Routes.php')
 4 SYSTEMPATH\CodeIgniter.php(821): CodeIgniter\Router\RouteCollection->loadRoutes()
 5 SYSTEMPATH\CodeIgniter.php(455): CodeIgniter\CodeIgniter->tryToRouteIt(null)
 6 SYSTEMPATH\CodeIgniter.php(354): CodeIgniter\CodeIgniter->handleRequest(null, Object(Config\Cache), false)
 7 SYSTEMPATH\Boot.php(363): CodeIgniter\CodeIgniter->run()
 8 SYSTEMPATH\Boot.php(68): CodeIgniter\Boot::runCodeIgniter(Object(CodeIgniter\CodeIgniter))
 9 FCPATH\index.php(59): CodeIgniter\Boot::bootWeb(Object(Config\Paths))
10 SYSTEMPATH\rewrite.php(44): require_once('C:\\laragon\\www\\Project Pweb2\\public\\index.php')
DEBUG - 2025-12-19 03:48:48 --> Session: Class initialized using 'CodeIgniter\Session\Handlers\FileHandler' driver.
WARNING - 2025-12-19 03:48:52 --> [DEPRECATED] Passing lowercase HTTP method "get" is deprecated. Use uppercase HTTP method like "GET". in SYSTEMPATH\Router\RouteCollection.php on line 1026.
 1 SYSTEMPATH\Router\RouteCollection.php(1026): trigger_error('Passing lowercase HTTP method "get" is deprecated. Use uppercase HTTP method like "GET".', 16384)
 2 APPPATH\Config\Routes.php(15): CodeIgniter\Router\RouteCollection->match([...], 'login/auth', 'Login::auth')
 3 SYSTEMPATH\Router\RouteCollection.php(339): require('C:\\laragon\\www\\Project Pweb2\\app\\Config\\Routes.php')
 4 SYSTEMPATH\CodeIgniter.php(821): CodeIgniter\Router\RouteCollection->loadRoutes()
 5 SYSTEMPATH\CodeIgniter.php(455): CodeIgniter\CodeIgniter->tryToRouteIt(null)
 6 SYSTEMPATH\CodeIgniter.php(354): CodeIgniter\CodeIgniter->handleRequest(null, Object(Config\Cache), false)
 7 SYSTEMPATH\Boot.php(363): CodeIgniter\CodeIgniter->run()
 8 SYSTEMPATH\Boot.php(68): CodeIgniter\Boot::runCodeIgniter(Object(CodeIgniter\CodeIgniter))
 9 FCPATH\index.php(59): CodeIgniter\Boot::bootWeb(Object(Config\Paths))
10 SYSTEMPATH\rewrite.php(44): require_once('C:\\laragon\\www\\Project Pweb2\\public\\index.php')
WARNING - 2025-12-19 03:48:52 --> [DEPRECATED] Passing lowercase HTTP method "post" is deprecated. Use uppercase HTTP method like "POST". in SYSTEMPATH\Router\RouteCollection.php on line 1026.
 1 SYSTEMPATH\Router\RouteCollection.php(1026): trigger_error('Passing lowercase HTTP method "post" is deprecated. Use uppercase HTTP method like "POST".', 16384)
 2 APPPATH\Config\Routes.php(15): CodeIgniter\Router\RouteCollection->match([...], 'login/auth', 'Login::auth')
 3 SYSTEMPATH\Router\RouteCollection.php(339): require('C:\\laragon\\www\\Project Pweb2\\app\\Config\\Routes.php')
 4 SYSTEMPATH\CodeIgniter.php(821): CodeIgniter\Router\RouteCollection->loadRoutes()
 5 SYSTEMPATH\CodeIgniter.php(455): CodeIgniter\CodeIgniter->tryToRouteIt(null)
 6 SYSTEMPATH\CodeIgniter.php(354): CodeIgniter\CodeIgniter->handleRequest(null, Object(Config\Cache), false)
 7 SYSTEMPATH\Boot.php(363): CodeIgniter\CodeIgniter->run()
 8 SYSTEMPATH\Boot.php(68): CodeIgniter\Boot::runCodeIgniter(Object(CodeIgniter\CodeIgniter))
 9 FCPATH\index.php(59): CodeIgniter\Boot::bootWeb(Object(Config\Paths))
10 SYSTEMPATH\rewrite.php(44): require_once('C:\\laragon\\www\\Project Pweb2\\public\\index.php')
DEBUG - 2025-12-19 03:48:52 --> Session: Class initialized using 'CodeIgniter\Session\Handlers\FileHandler' driver.
WARNING - 2025-12-19 03:48:53 --> [DEPRECATED] Passing lowercase HTTP method "get" is deprecated. Use uppercase HTTP method like "GET". in SYSTEMPATH\Router\RouteCollection.php on line 1026.
 1 SYSTEMPATH\Router\RouteCollection.php(1026): trigger_error('Passing lowercase HTTP method "get" is deprecated. Use uppercase HTTP method like "GET".', 16384)
 2 APPPATH\Config\Routes.php(15): CodeIgniter\Router\RouteCollection->match([...], 'login/auth', 'Login::auth')
 3 SYSTEMPATH\Router\RouteCollection.php(339): require('C:\\laragon\\www\\Project Pweb2\\app\\Config\\Routes.php')
 4 SYSTEMPATH\CodeIgniter.php(821): CodeIgniter\Router\RouteCollection->loadRoutes()
 5 SYSTEMPATH\CodeIgniter.php(455): CodeIgniter\CodeIgniter->tryToRouteIt(null)
 6 SYSTEMPATH\CodeIgniter.php(354): CodeIgniter\CodeIgniter->handleRequest(null, Object(Config\Cache), false)
 7 SYSTEMPATH\Boot.php(363): CodeIgniter\CodeIgniter->run()
 8 SYSTEMPATH\Boot.php(68): CodeIgniter\Boot::runCodeIgniter(Object(CodeIgniter\CodeIgniter))
 9 FCPATH\index.php(59): CodeIgniter\Boot::bootWeb(Object(Config\Paths))
10 SYSTEMPATH\rewrite.php(44): require_once('C:\\laragon\\www\\Project Pweb2\\public\\index.php')
WARNING - 2025-12-19 03:48:53 --> [DEPRECATED] Passing lowercase HTTP method "post" is deprecated. Use uppercase HTTP method like "POST". in SYSTEMPATH\Router\RouteCollection.php on line 1026.
 1 SYSTEMPATH\Router\RouteCollection.php(1026): trigger_error('Passing lowercase HTTP method "post" is deprecated. Use uppercase HTTP method like "POST".', 16384)
 2 APPPATH\Config\Routes.php(15): CodeIgniter\Router\RouteCollection->match([...], 'login/auth', 'Login::auth')
 3 SYSTEMPATH\Router\RouteCollection.php(339): require('C:\\laragon\\www\\Project Pweb2\\app\\Config\\Routes.php')
 4 SYSTEMPATH\CodeIgniter.php(821): CodeIgniter\Router\RouteCollection->loadRoutes()
 5 SYSTEMPATH\CodeIgniter.php(455): CodeIgniter\CodeIgniter->tryToRouteIt(null)
 6 SYSTEMPATH\CodeIgniter.php(354): CodeIgniter\CodeIgniter->handleRequest(null, Object(Config\Cache), false)
 7 SYSTEMPATH\Boot.php(363): CodeIgniter\CodeIgniter->run()
 8 SYSTEMPATH\Boot.php(68): CodeIgniter\Boot::runCodeIgniter(Object(CodeIgniter\CodeIgniter))
 9 FCPATH\index.php(59): CodeIgniter\Boot::bootWeb(Object(Config\Paths))
10 SYSTEMPATH\rewrite.php(44): require_once('C:\\laragon\\www\\Project Pweb2\\public\\index.php')
DEBUG - 2025-12-19 03:48:53 --> Session: Class initialized using 'CodeIgniter\Session\Handlers\FileHandler' driver.
WARNING - 2025-12-19 03:48:56 --> [DEPRECATED] Passing lowercase HTTP method "get" is deprecated. Use uppercase HTTP method like "GET". in SYSTEMPATH\Router\RouteCollection.php on line 1026.
 1 SYSTEMPATH\Router\RouteCollection.php(1026): trigger_error('Passing lowercase HTTP method "get" is deprecated. Use uppercase HTTP method like "GET".', 16384)
 2 APPPATH\Config\Routes.php(15): CodeIgniter\Router\RouteCollection->match([...], 'login/auth', 'Login::auth')
 3 SYSTEMPATH\Router\RouteCollection.php(339): require('C:\\laragon\\www\\Project Pweb2\\app\\Config\\Routes.php')
 4 SYSTEMPATH\CodeIgniter.php(821): CodeIgniter\Router\RouteCollection->loadRoutes()
 5 SYSTEMPATH\CodeIgniter.php(455): CodeIgniter\CodeIgniter->tryToRouteIt(null)
 6 SYSTEMPATH\CodeIgniter.php(354): CodeIgniter\CodeIgniter->handleRequest(null, Object(Config\Cache), false)
 7 SYSTEMPATH\Boot.php(363): CodeIgniter\CodeIgniter->run()
 8 SYSTEMPATH\Boot.php(68): CodeIgniter\Boot::runCodeIgniter(Object(CodeIgniter\CodeIgniter))
 9 FCPATH\index.php(59): CodeIgniter\Boot::bootWeb(Object(Config\Paths))
10 SYSTEMPATH\rewrite.php(44): require_once('C:\\laragon\\www\\Project Pweb2\\public\\index.php')
WARNING - 2025-12-19 03:48:56 --> [DEPRECATED] Passing lowercase HTTP method "post" is deprecated. Use uppercase HTTP method like "POST". in SYSTEMPATH\Router\RouteCollection.php on line 1026.
 1 SYSTEMPATH\Router\RouteCollection.php(1026): trigger_error('Passing lowercase HTTP method "post" is deprecated. Use uppercase HTTP method like "POST".', 16384)
 2 APPPATH\Config\Routes.php(15): CodeIgniter\Router\RouteCollection->match([...], 'login/auth', 'Login::auth')
 3 SYSTEMPATH\Router\RouteCollection.php(339): require('C:\\laragon\\www\\Project Pweb2\\app\\Config\\Routes.php')
 4 SYSTEMPATH\CodeIgniter.php(821): CodeIgniter\Router\RouteCollection->loadRoutes()
 5 SYSTEMPATH\CodeIgniter.php(455): CodeIgniter\CodeIgniter->tryToRouteIt(null)
 6 SYSTEMPATH\CodeIgniter.php(354): CodeIgniter\CodeIgniter->handleRequest(null, Object(Config\Cache), false)
 7 SYSTEMPATH\Boot.php(363): CodeIgniter\CodeIgniter->run()
 8 SYSTEMPATH\Boot.php(68): CodeIgniter\Boot::runCodeIgniter(Object(CodeIgniter\CodeIgniter))
 9 FCPATH\index.php(59): CodeIgniter\Boot::bootWeb(Object(Config\Paths))
10 SYSTEMPATH\rewrite.php(44): require_once('C:\\laragon\\www\\Project Pweb2\\public\\index.php')
DEBUG - 2025-12-19 03:48:56 --> Session: Class initialized using 'CodeIgniter\Session\Handlers\FileHandler' driver.
WARNING - 2025-12-19 03:49:04 --> [DEPRECATED] Passing lowercase HTTP method "get" is deprecated. Use uppercase HTTP method like "GET". in SYSTEMPATH\Router\RouteCollection.php on line 1026.
 1 SYSTEMPATH\Router\RouteCollection.php(1026): trigger_error('Passing lowercase HTTP method "get" is deprecated. Use uppercase HTTP method like "GET".', 16384)
 2 APPPATH\Config\Routes.php(15): CodeIgniter\Router\RouteCollection->match([...], 'login/auth', 'Login::auth')
 3 SYSTEMPATH\Router\RouteCollection.php(339): require('C:\\laragon\\www\\Project Pweb2\\app\\Config\\Routes.php')
 4 SYSTEMPATH\CodeIgniter.php(821): CodeIgniter\Router\RouteCollection->loadRoutes()
 5 SYSTEMPATH\CodeIgniter.php(455): CodeIgniter\CodeIgniter->tryToRouteIt(null)
 6 SYSTEMPATH\CodeIgniter.php(354): CodeIgniter\CodeIgniter->handleRequest(null, Object(Config\Cache), false)
 7 SYSTEMPATH\Boot.php(363): CodeIgniter\CodeIgniter->run()
 8 SYSTEMPATH\Boot.php(68): CodeIgniter\Boot::runCodeIgniter(Object(CodeIgniter\CodeIgniter))
 9 FCPATH\index.php(59): CodeIgniter\Boot::bootWeb(Object(Config\Paths))
10 SYSTEMPATH\rewrite.php(44): require_once('C:\\laragon\\www\\Project Pweb2\\public\\index.php')
WARNING - 2025-12-19 03:49:04 --> [DEPRECATED] Passing lowercase HTTP method "post" is deprecated. Use uppercase HTTP method like "POST". in SYSTEMPATH\Router\RouteCollection.php on line 1026.
 1 SYSTEMPATH\Router\RouteCollection.php(1026): trigger_error('Passing lowercase HTTP method "post" is deprecated. Use uppercase HTTP method like "POST".', 16384)
 2 APPPATH\Config\Routes.php(15): CodeIgniter\Router\RouteCollection->match([...], 'login/auth', 'Login::auth')
 3 SYSTEMPATH\Router\RouteCollection.php(339): require('C:\\laragon\\www\\Project Pweb2\\app\\Config\\Routes.php')
 4 SYSTEMPATH\CodeIgniter.php(821): CodeIgniter\Router\RouteCollection->loadRoutes()
 5 SYSTEMPATH\CodeIgniter.php(455): CodeIgniter\CodeIgniter->tryToRouteIt(null)
 6 SYSTEMPATH\CodeIgniter.php(354): CodeIgniter\CodeIgniter->handleRequest(null, Object(Config\Cache), false)
 7 SYSTEMPATH\Boot.php(363): CodeIgniter\CodeIgniter->run()
 8 SYSTEMPATH\Boot.php(68): CodeIgniter\Boot::runCodeIgniter(Object(CodeIgniter\CodeIgniter))
 9 FCPATH\index.php(59): CodeIgniter\Boot::bootWeb(Object(Config\Paths))
10 SYSTEMPATH\rewrite.php(44): require_once('C:\\laragon\\www\\Project Pweb2\\public\\index.php')
DEBUG - 2025-12-19 03:49:04 --> Session: Class initialized using 'CodeIgniter\Session\Handlers\FileHandler' driver.
WARNING - 2025-12-19 03:49:05 --> [DEPRECATED] Passing lowercase HTTP method "get" is deprecated. Use uppercase HTTP method like "GET". in SYSTEMPATH\Router\RouteCollection.php on line 1026.
 1 SYSTEMPATH\Router\RouteCollection.php(1026): trigger_error('Passing lowercase HTTP method "get" is deprecated. Use uppercase HTTP method like "GET".', 16384)
 2 APPPATH\Config\Routes.php(15): CodeIgniter\Router\RouteCollection->match([...], 'login/auth', 'Login::auth')
 3 SYSTEMPATH\Router\RouteCollection.php(339): require('C:\\laragon\\www\\Project Pweb2\\app\\Config\\Routes.php')
 4 SYSTEMPATH\CodeIgniter.php(821): CodeIgniter\Router\RouteCollection->loadRoutes()
 5 SYSTEMPATH\CodeIgniter.php(455): CodeIgniter\CodeIgniter->tryToRouteIt(null)
 6 SYSTEMPATH\CodeIgniter.php(354): CodeIgniter\CodeIgniter->handleRequest(null, Object(Config\Cache), false)
 7 SYSTEMPATH\Boot.php(363): CodeIgniter\CodeIgniter->run()
 8 SYSTEMPATH\Boot.php(68): CodeIgniter\Boot::runCodeIgniter(Object(CodeIgniter\CodeIgniter))
 9 FCPATH\index.php(59): CodeIgniter\Boot::bootWeb(Object(Config\Paths))
10 SYSTEMPATH\rewrite.php(44): require_once('C:\\laragon\\www\\Project Pweb2\\public\\index.php')
WARNING - 2025-12-19 03:49:05 --> [DEPRECATED] Passing lowercase HTTP method "post" is deprecated. Use uppercase HTTP method like "POST". in SYSTEMPATH\Router\RouteCollection.php on line 1026.
 1 SYSTEMPATH\Router\RouteCollection.php(1026): trigger_error('Passing lowercase HTTP method "post" is deprecated. Use uppercase HTTP method like "POST".', 16384)
 2 APPPATH\Config\Routes.php(15): CodeIgniter\Router\RouteCollection->match([...], 'login/auth', 'Login::auth')
 3 SYSTEMPATH\Router\RouteCollection.php(339): require('C:\\laragon\\www\\Project Pweb2\\app\\Config\\Routes.php')
 4 SYSTEMPATH\CodeIgniter.php(821): CodeIgniter\Router\RouteCollection->loadRoutes()
 5 SYSTEMPATH\CodeIgniter.php(455): CodeIgniter\CodeIgniter->tryToRouteIt(null)
 6 SYSTEMPATH\CodeIgniter.php(354): CodeIgniter\CodeIgniter->handleRequest(null, Object(Config\Cache), false)
 7 SYSTEMPATH\Boot.php(363): CodeIgniter\CodeIgniter->run()
 8 SYSTEMPATH\Boot.php(68): CodeIgniter\Boot::runCodeIgniter(Object(CodeIgniter\CodeIgniter))
 9 FCPATH\index.php(59): CodeIgniter\Boot::bootWeb(Object(Config\Paths))
10 SYSTEMPATH\rewrite.php(44): require_once('C:\\laragon\\www\\Project Pweb2\\public\\index.php')
DEBUG - 2025-12-19 03:49:05 --> Session: Class initialized using 'CodeIgniter\Session\Handlers\FileHandler' driver.
WARNING - 2025-12-19 03:49:09 --> [DEPRECATED] Passing lowercase HTTP method "get" is deprecated. Use uppercase HTTP method like "GET". in SYSTEMPATH\Router\RouteCollection.php on line 1026.
 1 SYSTEMPATH\Router\RouteCollection.php(1026): trigger_error('Passing lowercase HTTP method "get" is deprecated. Use uppercase HTTP method like "GET".', 16384)
 2 APPPATH\Config\Routes.php(15): CodeIgniter\Router\RouteCollection->match([...], 'login/auth', 'Login::auth')
 3 SYSTEMPATH\Router\RouteCollection.php(339): require('C:\\laragon\\www\\Project Pweb2\\app\\Config\\Routes.php')
 4 SYSTEMPATH\CodeIgniter.php(821): CodeIgniter\Router\RouteCollection->loadRoutes()
 5 SYSTEMPATH\CodeIgniter.php(455): CodeIgniter\CodeIgniter->tryToRouteIt(null)
 6 SYSTEMPATH\CodeIgniter.php(354): CodeIgniter\CodeIgniter->handleRequest(null, Object(Config\Cache), false)
 7 SYSTEMPATH\Boot.php(363): CodeIgniter\CodeIgniter->run()
 8 SYSTEMPATH\Boot.php(68): CodeIgniter\Boot::runCodeIgniter(Object(CodeIgniter\CodeIgniter))
 9 FCPATH\index.php(59): CodeIgniter\Boot::bootWeb(Object(Config\Paths))
10 SYSTEMPATH\rewrite.php(44): require_once('C:\\laragon\\www\\Project Pweb2\\public\\index.php')
WARNING - 2025-12-19 03:49:09 --> [DEPRECATED] Passing lowercase HTTP method "post" is deprecated. Use uppercase HTTP method like "POST". in SYSTEMPATH\Router\RouteCollection.php on line 1026.
 1 SYSTEMPATH\Router\RouteCollection.php(1026): trigger_error('Passing lowercase HTTP method "post" is deprecated. Use uppercase HTTP method like "POST".', 16384)
 2 APPPATH\Config\Routes.php(15): CodeIgniter\Router\RouteCollection->match([...], 'login/auth', 'Login::auth')
 3 SYSTEMPATH\Router\RouteCollection.php(339): require('C:\\laragon\\www\\Project Pweb2\\app\\Config\\Routes.php')
 4 SYSTEMPATH\CodeIgniter.php(821): CodeIgniter\Router\RouteCollection->loadRoutes()
 5 SYSTEMPATH\CodeIgniter.php(455): CodeIgniter\CodeIgniter->tryToRouteIt(null)
 6 SYSTEMPATH\CodeIgniter.php(354): CodeIgniter\CodeIgniter->handleRequest(null, Object(Config\Cache), false)
 7 SYSTEMPATH\Boot.php(363): CodeIgniter\CodeIgniter->run()
 8 SYSTEMPATH\Boot.php(68): CodeIgniter\Boot::runCodeIgniter(Object(CodeIgniter\CodeIgniter))
 9 FCPATH\index.php(59): CodeIgniter\Boot::bootWeb(Object(Config\Paths))
10 SYSTEMPATH\rewrite.php(44): require_once('C:\\laragon\\www\\Project Pweb2\\public\\index.php')
DEBUG - 2025-12-19 03:49:09 --> Session: Class initialized using 'CodeIgniter\Session\Handlers\FileHandler' driver.
WARNING - 2025-12-19 03:49:10 --> [DEPRECATED] Passing lowercase HTTP method "get" is deprecated. Use uppercase HTTP method like "GET". in SYSTEMPATH\Router\RouteCollection.php on line 1026.
 1 SYSTEMPATH\Router\RouteCollection.php(1026): trigger_error('Passing lowercase HTTP method "get" is deprecated. Use uppercase HTTP method like "GET".', 16384)
 2 APPPATH\Config\Routes.php(15): CodeIgniter\Router\RouteCollection->match([...], 'login/auth', 'Login::auth')
 3 SYSTEMPATH\Router\RouteCollection.php(339): require('C:\\laragon\\www\\Project Pweb2\\app\\Config\\Routes.php')
 4 SYSTEMPATH\CodeIgniter.php(821): CodeIgniter\Router\RouteCollection->loadRoutes()
 5 SYSTEMPATH\CodeIgniter.php(455): CodeIgniter\CodeIgniter->tryToRouteIt(null)
 6 SYSTEMPATH\CodeIgniter.php(354): CodeIgniter\CodeIgniter->handleRequest(null, Object(Config\Cache), false)
 7 SYSTEMPATH\Boot.php(363): CodeIgniter\CodeIgniter->run()
 8 SYSTEMPATH\Boot.php(68): CodeIgniter\Boot::runCodeIgniter(Object(CodeIgniter\CodeIgniter))
 9 FCPATH\index.php(59): CodeIgniter\Boot::bootWeb(Object(Config\Paths))
10 SYSTEMPATH\rewrite.php(44): require_once('C:\\laragon\\www\\Project Pweb2\\public\\index.php')
WARNING - 2025-12-19 03:49:10 --> [DEPRECATED] Passing lowercase HTTP method "post" is deprecated. Use uppercase HTTP method like "POST". in SYSTEMPATH\Router\RouteCollection.php on line 1026.
 1 SYSTEMPATH\Router\RouteCollection.php(1026): trigger_error('Passing lowercase HTTP method "post" is deprecated. Use uppercase HTTP method like "POST".', 16384)
 2 APPPATH\Config\Routes.php(15): CodeIgniter\Router\RouteCollection->match([...], 'login/auth', 'Login::auth')
 3 SYSTEMPATH\Router\RouteCollection.php(339): require('C:\\laragon\\www\\Project Pweb2\\app\\Config\\Routes.php')
 4 SYSTEMPATH\CodeIgniter.php(821): CodeIgniter\Router\RouteCollection->loadRoutes()
 5 SYSTEMPATH\CodeIgniter.php(455): CodeIgniter\CodeIgniter->tryToRouteIt(null)
 6 SYSTEMPATH\CodeIgniter.php(354): CodeIgniter\CodeIgniter->handleRequest(null, Object(Config\Cache), false)
 7 SYSTEMPATH\Boot.php(363): CodeIgniter\CodeIgniter->run()
 8 SYSTEMPATH\Boot.php(68): CodeIgniter\Boot::runCodeIgniter(Object(CodeIgniter\CodeIgniter))
 9 FCPATH\index.php(59): CodeIgniter\Boot::bootWeb(Object(Config\Paths))
10 SYSTEMPATH\rewrite.php(44): require_once('C:\\laragon\\www\\Project Pweb2\\public\\index.php')
DEBUG - 2025-12-19 03:49:10 --> Session: Class initialized using 'CodeIgniter\Session\Handlers\FileHandler' driver.
WARNING - 2025-12-19 03:49:14 --> [DEPRECATED] Passing lowercase HTTP method "get" is deprecated. Use uppercase HTTP method like "GET". in SYSTEMPATH\Router\RouteCollection.php on line 1026.
 1 SYSTEMPATH\Router\RouteCollection.php(1026): trigger_error('Passing lowercase HTTP method "get" is deprecated. Use uppercase HTTP method like "GET".', 16384)
 2 APPPATH\Config\Routes.php(15): CodeIgniter\Router\RouteCollection->match([...], 'login/auth', 'Login::auth')
 3 SYSTEMPATH\Router\RouteCollection.php(339): require('C:\\laragon\\www\\Project Pweb2\\app\\Config\\Routes.php')
 4 SYSTEMPATH\CodeIgniter.php(821): CodeIgniter\Router\RouteCollection->loadRoutes()
 5 SYSTEMPATH\CodeIgniter.php(455): CodeIgniter\CodeIgniter->tryToRouteIt(null)
 6 SYSTEMPATH\CodeIgniter.php(354): CodeIgniter\CodeIgniter->handleRequest(null, Object(Config\Cache), false)
 7 SYSTEMPATH\Boot.php(363): CodeIgniter\CodeIgniter->run()
 8 SYSTEMPATH\Boot.php(68): CodeIgniter\Boot::runCodeIgniter(Object(CodeIgniter\CodeIgniter))
 9 FCPATH\index.php(59): CodeIgniter\Boot::bootWeb(Object(Config\Paths))
10 SYSTEMPATH\rewrite.php(44): require_once('C:\\laragon\\www\\Project Pweb2\\public\\index.php')
WARNING - 2025-12-19 03:49:14 --> [DEPRECATED] Passing lowercase HTTP method "post" is deprecated. Use uppercase HTTP method like "POST". in SYSTEMPATH\Router\RouteCollection.php on line 1026.
 1 SYSTEMPATH\Router\RouteCollection.php(1026): trigger_error('Passing lowercase HTTP method "post" is deprecated. Use uppercase HTTP method like "POST".', 16384)
 2 APPPATH\Config\Routes.php(15): CodeIgniter\Router\RouteCollection->match([...], 'login/auth', 'Login::auth')
 3 SYSTEMPATH\Router\RouteCollection.php(339): require('C:\\laragon\\www\\Project Pweb2\\app\\Config\\Routes.php')
 4 SYSTEMPATH\CodeIgniter.php(821): CodeIgniter\Router\RouteCollection->loadRoutes()
 5 SYSTEMPATH\CodeIgniter.php(455): CodeIgniter\CodeIgniter->tryToRouteIt(null)
 6 SYSTEMPATH\CodeIgniter.php(354): CodeIgniter\CodeIgniter->handleRequest(null, Object(Config\Cache), false)
 7 SYSTEMPATH\Boot.php(363): CodeIgniter\CodeIgniter->run()
 8 SYSTEMPATH\Boot.php(68): CodeIgniter\Boot::runCodeIgniter(Object(CodeIgniter\CodeIgniter))
 9 FCPATH\index.php(59): CodeIgniter\Boot::bootWeb(Object(Config\Paths))
10 SYSTEMPATH\rewrite.php(44): require_once('C:\\laragon\\www\\Project Pweb2\\public\\index.php')
DEBUG - 2025-12-19 03:49:14 --> Session: Class initialized using 'CodeIgniter\Session\Handlers\FileHandler' driver.
WARNING - 2025-12-19 03:49:16 --> [DEPRECATED] Passing lowercase HTTP method "get" is deprecated. Use uppercase HTTP method like "GET". in SYSTEMPATH\Router\RouteCollection.php on line 1026.
 1 SYSTEMPATH\Router\RouteCollection.php(1026): trigger_error('Passing lowercase HTTP method "get" is deprecated. Use uppercase HTTP method like "GET".', 16384)
 2 APPPATH\Config\Routes.php(15): CodeIgniter\Router\RouteCollection->match([...], 'login/auth', 'Login::auth')
 3 SYSTEMPATH\Router\RouteCollection.php(339): require('C:\\laragon\\www\\Project Pweb2\\app\\Config\\Routes.php')
 4 SYSTEMPATH\CodeIgniter.php(821): CodeIgniter\Router\RouteCollection->loadRoutes()
 5 SYSTEMPATH\CodeIgniter.php(455): CodeIgniter\CodeIgniter->tryToRouteIt(null)
 6 SYSTEMPATH\CodeIgniter.php(354): CodeIgniter\CodeIgniter->handleRequest(null, Object(Config\Cache), false)
 7 SYSTEMPATH\Boot.php(363): CodeIgniter\CodeIgniter->run()
 8 SYSTEMPATH\Boot.php(68): CodeIgniter\Boot::runCodeIgniter(Object(CodeIgniter\CodeIgniter))
 9 FCPATH\index.php(59): CodeIgniter\Boot::bootWeb(Object(Config\Paths))
10 SYSTEMPATH\rewrite.php(44): require_once('C:\\laragon\\www\\Project Pweb2\\public\\index.php')
WARNING - 2025-12-19 03:49:16 --> [DEPRECATED] Passing lowercase HTTP method "post" is deprecated. Use uppercase HTTP method like "POST". in SYSTEMPATH\Router\RouteCollection.php on line 1026.
 1 SYSTEMPATH\Router\RouteCollection.php(1026): trigger_error('Passing lowercase HTTP method "post" is deprecated. Use uppercase HTTP method like "POST".', 16384)
 2 APPPATH\Config\Routes.php(15): CodeIgniter\Router\RouteCollection->match([...], 'login/auth', 'Login::auth')
 3 SYSTEMPATH\Router\RouteCollection.php(339): require('C:\\laragon\\www\\Project Pweb2\\app\\Config\\Routes.php')
 4 SYSTEMPATH\CodeIgniter.php(821): CodeIgniter\Router\RouteCollection->loadRoutes()
 5 SYSTEMPATH\CodeIgniter.php(455): CodeIgniter\CodeIgniter->tryToRouteIt(null)
 6 SYSTEMPATH\CodeIgniter.php(354): CodeIgniter\CodeIgniter->handleRequest(null, Object(Config\Cache), false)
 7 SYSTEMPATH\Boot.php(363): CodeIgniter\CodeIgniter->run()
 8 SYSTEMPATH\Boot.php(68): CodeIgniter\Boot::runCodeIgniter(Object(CodeIgniter\CodeIgniter))
 9 FCPATH\index.php(59): CodeIgniter\Boot::bootWeb(Object(Config\Paths))
10 SYSTEMPATH\rewrite.php(44): require_once('C:\\laragon\\www\\Project Pweb2\\public\\index.php')
DEBUG - 2025-12-19 03:49:16 --> Session: Class initialized using 'CodeIgniter\Session\Handlers\FileHandler' driver.
WARNING - 2025-12-19 03:49:18 --> [DEPRECATED] Passing lowercase HTTP method "get" is deprecated. Use uppercase HTTP method like "GET". in SYSTEMPATH\Router\RouteCollection.php on line 1026.
 1 SYSTEMPATH\Router\RouteCollection.php(1026): trigger_error('Passing lowercase HTTP method "get" is deprecated. Use uppercase HTTP method like "GET".', 16384)
 2 APPPATH\Config\Routes.php(15): CodeIgniter\Router\RouteCollection->match([...], 'login/auth', 'Login::auth')
 3 SYSTEMPATH\Router\RouteCollection.php(339): require('C:\\laragon\\www\\Project Pweb2\\app\\Config\\Routes.php')
 4 SYSTEMPATH\CodeIgniter.php(821): CodeIgniter\Router\RouteCollection->loadRoutes()
 5 SYSTEMPATH\CodeIgniter.php(455): CodeIgniter\CodeIgniter->tryToRouteIt(null)
 6 SYSTEMPATH\CodeIgniter.php(354): CodeIgniter\CodeIgniter->handleRequest(null, Object(Config\Cache), false)
 7 SYSTEMPATH\Boot.php(363): CodeIgniter\CodeIgniter->run()
 8 SYSTEMPATH\Boot.php(68): CodeIgniter\Boot::runCodeIgniter(Object(CodeIgniter\CodeIgniter))
 9 FCPATH\index.php(59): CodeIgniter\Boot::bootWeb(Object(Config\Paths))
10 SYSTEMPATH\rewrite.php(44): require_once('C:\\laragon\\www\\Project Pweb2\\public\\index.php')
WARNING - 2025-12-19 03:49:18 --> [DEPRECATED] Passing lowercase HTTP method "post" is deprecated. Use uppercase HTTP method like "POST". in SYSTEMPATH\Router\RouteCollection.php on line 1026.
 1 SYSTEMPATH\Router\RouteCollection.php(1026): trigger_error('Passing lowercase HTTP method "post" is deprecated. Use uppercase HTTP method like "POST".', 16384)
 2 APPPATH\Config\Routes.php(15): CodeIgniter\Router\RouteCollection->match([...], 'login/auth', 'Login::auth')
 3 SYSTEMPATH\Router\RouteCollection.php(339): require('C:\\laragon\\www\\Project Pweb2\\app\\Config\\Routes.php')
 4 SYSTEMPATH\CodeIgniter.php(821): CodeIgniter\Router\RouteCollection->loadRoutes()
 5 SYSTEMPATH\CodeIgniter.php(455): CodeIgniter\CodeIgniter->tryToRouteIt(null)
 6 SYSTEMPATH\CodeIgniter.php(354): CodeIgniter\CodeIgniter->handleRequest(null, Object(Config\Cache), false)
 7 SYSTEMPATH\Boot.php(363): CodeIgniter\CodeIgniter->run()
 8 SYSTEMPATH\Boot.php(68): CodeIgniter\Boot::runCodeIgniter(Object(CodeIgniter\CodeIgniter))
 9 FCPATH\index.php(59): CodeIgniter\Boot::bootWeb(Object(Config\Paths))
10 SYSTEMPATH\rewrite.php(44): require_once('C:\\laragon\\www\\Project Pweb2\\public\\index.php')
DEBUG - 2025-12-19 03:49:18 --> Session: Class initialized using 'CodeIgniter\Session\Handlers\FileHandler' driver.
WARNING - 2025-12-19 03:49:23 --> [DEPRECATED] Passing lowercase HTTP method "get" is deprecated. Use uppercase HTTP method like "GET". in SYSTEMPATH\Router\RouteCollection.php on line 1026.
 1 SYSTEMPATH\Router\RouteCollection.php(1026): trigger_error('Passing lowercase HTTP method "get" is deprecated. Use uppercase HTTP method like "GET".', 16384)
 2 APPPATH\Config\Routes.php(15): CodeIgniter\Router\RouteCollection->match([...], 'login/auth', 'Login::auth')
 3 SYSTEMPATH\Router\RouteCollection.php(339): require('C:\\laragon\\www\\Project Pweb2\\app\\Config\\Routes.php')
 4 SYSTEMPATH\CodeIgniter.php(821): CodeIgniter\Router\RouteCollection->loadRoutes()
 5 SYSTEMPATH\CodeIgniter.php(455): CodeIgniter\CodeIgniter->tryToRouteIt(null)
 6 SYSTEMPATH\CodeIgniter.php(354): CodeIgniter\CodeIgniter->handleRequest(null, Object(Config\Cache), false)
 7 SYSTEMPATH\Boot.php(363): CodeIgniter\CodeIgniter->run()
 8 SYSTEMPATH\Boot.php(68): CodeIgniter\Boot::runCodeIgniter(Object(CodeIgniter\CodeIgniter))
 9 FCPATH\index.php(59): CodeIgniter\Boot::bootWeb(Object(Config\Paths))
10 SYSTEMPATH\rewrite.php(44): require_once('C:\\laragon\\www\\Project Pweb2\\public\\index.php')
WARNING - 2025-12-19 03:49:23 --> [DEPRECATED] Passing lowercase HTTP method "post" is deprecated. Use uppercase HTTP method like "POST". in SYSTEMPATH\Router\RouteCollection.php on line 1026.
 1 SYSTEMPATH\Router\RouteCollection.php(1026): trigger_error('Passing lowercase HTTP method "post" is deprecated. Use uppercase HTTP method like "POST".', 16384)
 2 APPPATH\Config\Routes.php(15): CodeIgniter\Router\RouteCollection->match([...], 'login/auth', 'Login::auth')
 3 SYSTEMPATH\Router\RouteCollection.php(339): require('C:\\laragon\\www\\Project Pweb2\\app\\Config\\Routes.php')
 4 SYSTEMPATH\CodeIgniter.php(821): CodeIgniter\Router\RouteCollection->loadRoutes()
 5 SYSTEMPATH\CodeIgniter.php(455): CodeIgniter\CodeIgniter->tryToRouteIt(null)
 6 SYSTEMPATH\CodeIgniter.php(354): CodeIgniter\CodeIgniter->handleRequest(null, Object(Config\Cache), false)
 7 SYSTEMPATH\Boot.php(363): CodeIgniter\CodeIgniter->run()
 8 SYSTEMPATH\Boot.php(68): CodeIgniter\Boot::runCodeIgniter(Object(CodeIgniter\CodeIgniter))
 9 FCPATH\index.php(59): CodeIgniter\Boot::bootWeb(Object(Config\Paths))
10 SYSTEMPATH\rewrite.php(44): require_once('C:\\laragon\\www\\Project Pweb2\\public\\index.php')
DEBUG - 2025-12-19 03:49:23 --> Session: Class initialized using 'CodeIgniter\Session\Handlers\FileHandler' driver.
WARNING - 2025-12-19 03:49:24 --> [DEPRECATED] Passing lowercase HTTP method "get" is deprecated. Use uppercase HTTP method like "GET". in SYSTEMPATH\Router\RouteCollection.php on line 1026.
 1 SYSTEMPATH\Router\RouteCollection.php(1026): trigger_error('Passing lowercase HTTP method "get" is deprecated. Use uppercase HTTP method like "GET".', 16384)
 2 APPPATH\Config\Routes.php(15): CodeIgniter\Router\RouteCollection->match([...], 'login/auth', 'Login::auth')
 3 SYSTEMPATH\Router\RouteCollection.php(339): require('C:\\laragon\\www\\Project Pweb2\\app\\Config\\Routes.php')
 4 SYSTEMPATH\CodeIgniter.php(821): CodeIgniter\Router\RouteCollection->loadRoutes()
 5 SYSTEMPATH\CodeIgniter.php(455): CodeIgniter\CodeIgniter->tryToRouteIt(null)
 6 SYSTEMPATH\CodeIgniter.php(354): CodeIgniter\CodeIgniter->handleRequest(null, Object(Config\Cache), false)
 7 SYSTEMPATH\Boot.php(363): CodeIgniter\CodeIgniter->run()
 8 SYSTEMPATH\Boot.php(68): CodeIgniter\Boot::runCodeIgniter(Object(CodeIgniter\CodeIgniter))
 9 FCPATH\index.php(59): CodeIgniter\Boot::bootWeb(Object(Config\Paths))
10 SYSTEMPATH\rewrite.php(44): require_once('C:\\laragon\\www\\Project Pweb2\\public\\index.php')
WARNING - 2025-12-19 03:49:24 --> [DEPRECATED] Passing lowercase HTTP method "post" is deprecated. Use uppercase HTTP method like "POST". in SYSTEMPATH\Router\RouteCollection.php on line 1026.
 1 SYSTEMPATH\Router\RouteCollection.php(1026): trigger_error('Passing lowercase HTTP method "post" is deprecated. Use uppercase HTTP method like "POST".', 16384)
 2 APPPATH\Config\Routes.php(15): CodeIgniter\Router\RouteCollection->match([...], 'login/auth', 'Login::auth')
 3 SYSTEMPATH\Router\RouteCollection.php(339): require('C:\\laragon\\www\\Project Pweb2\\app\\Config\\Routes.php')
 4 SYSTEMPATH\CodeIgniter.php(821): CodeIgniter\Router\RouteCollection->loadRoutes()
 5 SYSTEMPATH\CodeIgniter.php(455): CodeIgniter\CodeIgniter->tryToRouteIt(null)
 6 SYSTEMPATH\CodeIgniter.php(354): CodeIgniter\CodeIgniter->handleRequest(null, Object(Config\Cache), false)
 7 SYSTEMPATH\Boot.php(363): CodeIgniter\CodeIgniter->run()
 8 SYSTEMPATH\Boot.php(68): CodeIgniter\Boot::runCodeIgniter(Object(CodeIgniter\CodeIgniter))
 9 FCPATH\index.php(59): CodeIgniter\Boot::bootWeb(Object(Config\Paths))
10 SYSTEMPATH\rewrite.php(44): require_once('C:\\laragon\\www\\Project Pweb2\\public\\index.php')
DEBUG - 2025-12-19 03:49:24 --> Session: Class initialized using 'CodeIgniter\Session\Handlers\FileHandler' driver.
WARNING - 2025-12-19 03:49:31 --> [DEPRECATED] Passing lowercase HTTP method "get" is deprecated. Use uppercase HTTP method like "GET". in SYSTEMPATH\Router\RouteCollection.php on line 1026.
 1 SYSTEMPATH\Router\RouteCollection.php(1026): trigger_error('Passing lowercase HTTP method "get" is deprecated. Use uppercase HTTP method like "GET".', 16384)
 2 APPPATH\Config\Routes.php(15): CodeIgniter\Router\RouteCollection->match([...], 'login/auth', 'Login::auth')
 3 SYSTEMPATH\Router\RouteCollection.php(339): require('C:\\laragon\\www\\Project Pweb2\\app\\Config\\Routes.php')
 4 SYSTEMPATH\CodeIgniter.php(821): CodeIgniter\Router\RouteCollection->loadRoutes()
 5 SYSTEMPATH\CodeIgniter.php(455): CodeIgniter\CodeIgniter->tryToRouteIt(null)
 6 SYSTEMPATH\CodeIgniter.php(354): CodeIgniter\CodeIgniter->handleRequest(null, Object(Config\Cache), false)
 7 SYSTEMPATH\Boot.php(363): CodeIgniter\CodeIgniter->run()
 8 SYSTEMPATH\Boot.php(68): CodeIgniter\Boot::runCodeIgniter(Object(CodeIgniter\CodeIgniter))
 9 FCPATH\index.php(59): CodeIgniter\Boot::bootWeb(Object(Config\Paths))
10 SYSTEMPATH\rewrite.php(44): require_once('C:\\laragon\\www\\Project Pweb2\\public\\index.php')
WARNING - 2025-12-19 03:49:31 --> [DEPRECATED] Passing lowercase HTTP method "post" is deprecated. Use uppercase HTTP method like "POST". in SYSTEMPATH\Router\RouteCollection.php on line 1026.
 1 SYSTEMPATH\Router\RouteCollection.php(1026): trigger_error('Passing lowercase HTTP method "post" is deprecated. Use uppercase HTTP method like "POST".', 16384)
 2 APPPATH\Config\Routes.php(15): CodeIgniter\Router\RouteCollection->match([...], 'login/auth', 'Login::auth')
 3 SYSTEMPATH\Router\RouteCollection.php(339): require('C:\\laragon\\www\\Project Pweb2\\app\\Config\\Routes.php')
 4 SYSTEMPATH\CodeIgniter.php(821): CodeIgniter\Router\RouteCollection->loadRoutes()
 5 SYSTEMPATH\CodeIgniter.php(455): CodeIgniter\CodeIgniter->tryToRouteIt(null)
 6 SYSTEMPATH\CodeIgniter.php(354): CodeIgniter\CodeIgniter->handleRequest(null, Object(Config\Cache), false)
 7 SYSTEMPATH\Boot.php(363): CodeIgniter\CodeIgniter->run()
 8 SYSTEMPATH\Boot.php(68): CodeIgniter\Boot::runCodeIgniter(Object(CodeIgniter\CodeIgniter))
 9 FCPATH\index.php(59): CodeIgniter\Boot::bootWeb(Object(Config\Paths))
10 SYSTEMPATH\rewrite.php(44): require_once('C:\\laragon\\www\\Project Pweb2\\public\\index.php')
DEBUG - 2025-12-19 03:49:31 --> Session: Class initialized using 'CodeIgniter\Session\Handlers\FileHandler' driver.
WARNING - 2025-12-19 03:49:31 --> [DEPRECATED] Passing lowercase HTTP method "get" is deprecated. Use uppercase HTTP method like "GET". in SYSTEMPATH\Router\RouteCollection.php on line 1026.
 1 SYSTEMPATH\Router\RouteCollection.php(1026): trigger_error('Passing lowercase HTTP method "get" is deprecated. Use uppercase HTTP method like "GET".', 16384)
 2 APPPATH\Config\Routes.php(15): CodeIgniter\Router\RouteCollection->match([...], 'login/auth', 'Login::auth')
 3 SYSTEMPATH\Router\RouteCollection.php(339): require('C:\\laragon\\www\\Project Pweb2\\app\\Config\\Routes.php')
 4 SYSTEMPATH\CodeIgniter.php(821): CodeIgniter\Router\RouteCollection->loadRoutes()
 5 SYSTEMPATH\CodeIgniter.php(455): CodeIgniter\CodeIgniter->tryToRouteIt(null)
 6 SYSTEMPATH\CodeIgniter.php(354): CodeIgniter\CodeIgniter->handleRequest(null, Object(Config\Cache), false)
 7 SYSTEMPATH\Boot.php(363): CodeIgniter\CodeIgniter->run()
 8 SYSTEMPATH\Boot.php(68): CodeIgniter\Boot::runCodeIgniter(Object(CodeIgniter\CodeIgniter))
 9 FCPATH\index.php(59): CodeIgniter\Boot::bootWeb(Object(Config\Paths))
10 SYSTEMPATH\rewrite.php(44): require_once('C:\\laragon\\www\\Project Pweb2\\public\\index.php')
WARNING - 2025-12-19 03:49:31 --> [DEPRECATED] Passing lowercase HTTP method "post" is deprecated. Use uppercase HTTP method like "POST". in SYSTEMPATH\Router\RouteCollection.php on line 1026.
 1 SYSTEMPATH\Router\RouteCollection.php(1026): trigger_error('Passing lowercase HTTP method "post" is deprecated. Use uppercase HTTP method like "POST".', 16384)
 2 APPPATH\Config\Routes.php(15): CodeIgniter\Router\RouteCollection->match([...], 'login/auth', 'Login::auth')
 3 SYSTEMPATH\Router\RouteCollection.php(339): require('C:\\laragon\\www\\Project Pweb2\\app\\Config\\Routes.php')
 4 SYSTEMPATH\CodeIgniter.php(821): CodeIgniter\Router\RouteCollection->loadRoutes()
 5 SYSTEMPATH\CodeIgniter.php(455): CodeIgniter\CodeIgniter->tryToRouteIt(null)
 6 SYSTEMPATH\CodeIgniter.php(354): CodeIgniter\CodeIgniter->handleRequest(null, Object(Config\Cache), false)
 7 SYSTEMPATH\Boot.php(363): CodeIgniter\CodeIgniter->run()
 8 SYSTEMPATH\Boot.php(68): CodeIgniter\Boot::runCodeIgniter(Object(CodeIgniter\CodeIgniter))
 9 FCPATH\index.php(59): CodeIgniter\Boot::bootWeb(Object(Config\Paths))
10 SYSTEMPATH\rewrite.php(44): require_once('C:\\laragon\\www\\Project Pweb2\\public\\index.php')
DEBUG - 2025-12-19 03:49:32 --> Session: Class initialized using 'CodeIgniter\Session\Handlers\FileHandler' driver.
WARNING - 2025-12-19 03:49:34 --> [DEPRECATED] Passing lowercase HTTP method "get" is deprecated. Use uppercase HTTP method like "GET". in SYSTEMPATH\Router\RouteCollection.php on line 1026.
 1 SYSTEMPATH\Router\RouteCollection.php(1026): trigger_error('Passing lowercase HTTP method "get" is deprecated. Use uppercase HTTP method like "GET".', 16384)
 2 APPPATH\Config\Routes.php(15): CodeIgniter\Router\RouteCollection->match([...], 'login/auth', 'Login::auth')
 3 SYSTEMPATH\Router\RouteCollection.php(339): require('C:\\laragon\\www\\Project Pweb2\\app\\Config\\Routes.php')
 4 SYSTEMPATH\CodeIgniter.php(821): CodeIgniter\Router\RouteCollection->loadRoutes()
 5 SYSTEMPATH\CodeIgniter.php(455): CodeIgniter\CodeIgniter->tryToRouteIt(null)
 6 SYSTEMPATH\CodeIgniter.php(354): CodeIgniter\CodeIgniter->handleRequest(null, Object(Config\Cache), false)
 7 SYSTEMPATH\Boot.php(363): CodeIgniter\CodeIgniter->run()
 8 SYSTEMPATH\Boot.php(68): CodeIgniter\Boot::runCodeIgniter(Object(CodeIgniter\CodeIgniter))
 9 FCPATH\index.php(59): CodeIgniter\Boot::bootWeb(Object(Config\Paths))
10 SYSTEMPATH\rewrite.php(44): require_once('C:\\laragon\\www\\Project Pweb2\\public\\index.php')
WARNING - 2025-12-19 03:49:34 --> [DEPRECATED] Passing lowercase HTTP method "post" is deprecated. Use uppercase HTTP method like "POST". in SYSTEMPATH\Router\RouteCollection.php on line 1026.
 1 SYSTEMPATH\Router\RouteCollection.php(1026): trigger_error('Passing lowercase HTTP method "post" is deprecated. Use uppercase HTTP method like "POST".', 16384)
 2 APPPATH\Config\Routes.php(15): CodeIgniter\Router\RouteCollection->match([...], 'login/auth', 'Login::auth')
 3 SYSTEMPATH\Router\RouteCollection.php(339): require('C:\\laragon\\www\\Project Pweb2\\app\\Config\\Routes.php')
 4 SYSTEMPATH\CodeIgniter.php(821): CodeIgniter\Router\RouteCollection->loadRoutes()
 5 SYSTEMPATH\CodeIgniter.php(455): CodeIgniter\CodeIgniter->tryToRouteIt(null)
 6 SYSTEMPATH\CodeIgniter.php(354): CodeIgniter\CodeIgniter->handleRequest(null, Object(Config\Cache), false)
 7 SYSTEMPATH\Boot.php(363): CodeIgniter\CodeIgniter->run()
 8 SYSTEMPATH\Boot.php(68): CodeIgniter\Boot::runCodeIgniter(Object(CodeIgniter\CodeIgniter))
 9 FCPATH\index.php(59): CodeIgniter\Boot::bootWeb(Object(Config\Paths))
10 SYSTEMPATH\rewrite.php(44): require_once('C:\\laragon\\www\\Project Pweb2\\public\\index.php')
DEBUG - 2025-12-19 03:49:34 --> Session: Class initialized using 'CodeIgniter\Session\Handlers\FileHandler' driver.
WARNING - 2025-12-19 03:49:34 --> [DEPRECATED] Passing lowercase HTTP method "get" is deprecated. Use uppercase HTTP method like "GET". in SYSTEMPATH\Router\RouteCollection.php on line 1026.
 1 SYSTEMPATH\Router\RouteCollection.php(1026): trigger_error('Passing lowercase HTTP method "get" is deprecated. Use uppercase HTTP method like "GET".', 16384)
 2 APPPATH\Config\Routes.php(15): CodeIgniter\Router\RouteCollection->match([...], 'login/auth', 'Login::auth')
 3 SYSTEMPATH\Router\RouteCollection.php(339): require('C:\\laragon\\www\\Project Pweb2\\app\\Config\\Routes.php')
 4 SYSTEMPATH\CodeIgniter.php(821): CodeIgniter\Router\RouteCollection->loadRoutes()
 5 SYSTEMPATH\CodeIgniter.php(455): CodeIgniter\CodeIgniter->tryToRouteIt(null)
 6 SYSTEMPATH\CodeIgniter.php(354): CodeIgniter\CodeIgniter->handleRequest(null, Object(Config\Cache), false)
 7 SYSTEMPATH\Boot.php(363): CodeIgniter\CodeIgniter->run()
 8 SYSTEMPATH\Boot.php(68): CodeIgniter\Boot::runCodeIgniter(Object(CodeIgniter\CodeIgniter))
 9 FCPATH\index.php(59): CodeIgniter\Boot::bootWeb(Object(Config\Paths))
10 SYSTEMPATH\rewrite.php(44): require_once('C:\\laragon\\www\\Project Pweb2\\public\\index.php')
WARNING - 2025-12-19 03:49:34 --> [DEPRECATED] Passing lowercase HTTP method "post" is deprecated. Use uppercase HTTP method like "POST". in SYSTEMPATH\Router\RouteCollection.php on line 1026.
 1 SYSTEMPATH\Router\RouteCollection.php(1026): trigger_error('Passing lowercase HTTP method "post" is deprecated. Use uppercase HTTP method like "POST".', 16384)
 2 APPPATH\Config\Routes.php(15): CodeIgniter\Router\RouteCollection->match([...], 'login/auth', 'Login::auth')
 3 SYSTEMPATH\Router\RouteCollection.php(339): require('C:\\laragon\\www\\Project Pweb2\\app\\Config\\Routes.php')
 4 SYSTEMPATH\CodeIgniter.php(821): CodeIgniter\Router\RouteCollection->loadRoutes()
 5 SYSTEMPATH\CodeIgniter.php(455): CodeIgniter\CodeIgniter->tryToRouteIt(null)
 6 SYSTEMPATH\CodeIgniter.php(354): CodeIgniter\CodeIgniter->handleRequest(null, Object(Config\Cache), false)
 7 SYSTEMPATH\Boot.php(363): CodeIgniter\CodeIgniter->run()
 8 SYSTEMPATH\Boot.php(68): CodeIgniter\Boot::runCodeIgniter(Object(CodeIgniter\CodeIgniter))
 9 FCPATH\index.php(59): CodeIgniter\Boot::bootWeb(Object(Config\Paths))
10 SYSTEMPATH\rewrite.php(44): require_once('C:\\laragon\\www\\Project Pweb2\\public\\index.php')
DEBUG - 2025-12-19 03:49:34 --> Session: Class initialized using 'CodeIgniter\Session\Handlers\FileHandler' driver.
WARNING - 2025-12-19 03:49:37 --> [DEPRECATED] Passing lowercase HTTP method "get" is deprecated. Use uppercase HTTP method like "GET". in SYSTEMPATH\Router\RouteCollection.php on line 1026.
 1 SYSTEMPATH\Router\RouteCollection.php(1026): trigger_error('Passing lowercase HTTP method "get" is deprecated. Use uppercase HTTP method like "GET".', 16384)
 2 APPPATH\Config\Routes.php(15): CodeIgniter\Router\RouteCollection->match([...], 'login/auth', 'Login::auth')
 3 SYSTEMPATH\Router\RouteCollection.php(339): require('C:\\laragon\\www\\Project Pweb2\\app\\Config\\Routes.php')
 4 SYSTEMPATH\CodeIgniter.php(821): CodeIgniter\Router\RouteCollection->loadRoutes()
 5 SYSTEMPATH\CodeIgniter.php(455): CodeIgniter\CodeIgniter->tryToRouteIt(null)
 6 SYSTEMPATH\CodeIgniter.php(354): CodeIgniter\CodeIgniter->handleRequest(null, Object(Config\Cache), false)
 7 SYSTEMPATH\Boot.php(363): CodeIgniter\CodeIgniter->run()
 8 SYSTEMPATH\Boot.php(68): CodeIgniter\Boot::runCodeIgniter(Object(CodeIgniter\CodeIgniter))
 9 FCPATH\index.php(59): CodeIgniter\Boot::bootWeb(Object(Config\Paths))
10 SYSTEMPATH\rewrite.php(44): require_once('C:\\laragon\\www\\Project Pweb2\\public\\index.php')
WARNING - 2025-12-19 03:49:37 --> [DEPRECATED] Passing lowercase HTTP method "post" is deprecated. Use uppercase HTTP method like "POST". in SYSTEMPATH\Router\RouteCollection.php on line 1026.
 1 SYSTEMPATH\Router\RouteCollection.php(1026): trigger_error('Passing lowercase HTTP method "post" is deprecated. Use uppercase HTTP method like "POST".', 16384)
 2 APPPATH\Config\Routes.php(15): CodeIgniter\Router\RouteCollection->match([...], 'login/auth', 'Login::auth')
 3 SYSTEMPATH\Router\RouteCollection.php(339): require('C:\\laragon\\www\\Project Pweb2\\app\\Config\\Routes.php')
 4 SYSTEMPATH\CodeIgniter.php(821): CodeIgniter\Router\RouteCollection->loadRoutes()
 5 SYSTEMPATH\CodeIgniter.php(455): CodeIgniter\CodeIgniter->tryToRouteIt(null)
 6 SYSTEMPATH\CodeIgniter.php(354): CodeIgniter\CodeIgniter->handleRequest(null, Object(Config\Cache), false)
 7 SYSTEMPATH\Boot.php(363): CodeIgniter\CodeIgniter->run()
 8 SYSTEMPATH\Boot.php(68): CodeIgniter\Boot::runCodeIgniter(Object(CodeIgniter\CodeIgniter))
 9 FCPATH\index.php(59): CodeIgniter\Boot::bootWeb(Object(Config\Paths))
10 SYSTEMPATH\rewrite.php(44): require_once('C:\\laragon\\www\\Project Pweb2\\public\\index.php')
DEBUG - 2025-12-19 03:49:37 --> Session: Class initialized using 'CodeIgniter\Session\Handlers\FileHandler' driver.
WARNING - 2025-12-19 03:49:39 --> [DEPRECATED] Passing lowercase HTTP method "get" is deprecated. Use uppercase HTTP method like "GET". in SYSTEMPATH\Router\RouteCollection.php on line 1026.
 1 SYSTEMPATH\Router\RouteCollection.php(1026): trigger_error('Passing lowercase HTTP method "get" is deprecated. Use uppercase HTTP method like "GET".', 16384)
 2 APPPATH\Config\Routes.php(15): CodeIgniter\Router\RouteCollection->match([...], 'login/auth', 'Login::auth')
 3 SYSTEMPATH\Router\RouteCollection.php(339): require('C:\\laragon\\www\\Project Pweb2\\app\\Config\\Routes.php')
 4 SYSTEMPATH\CodeIgniter.php(821): CodeIgniter\Router\RouteCollection->loadRoutes()
 5 SYSTEMPATH\CodeIgniter.php(455): CodeIgniter\CodeIgniter->tryToRouteIt(null)
 6 SYSTEMPATH\CodeIgniter.php(354): CodeIgniter\CodeIgniter->handleRequest(null, Object(Config\Cache), false)
 7 SYSTEMPATH\Boot.php(363): CodeIgniter\CodeIgniter->run()
 8 SYSTEMPATH\Boot.php(68): CodeIgniter\Boot::runCodeIgniter(Object(CodeIgniter\CodeIgniter))
 9 FCPATH\index.php(59): CodeIgniter\Boot::bootWeb(Object(Config\Paths))
10 SYSTEMPATH\rewrite.php(44): require_once('C:\\laragon\\www\\Project Pweb2\\public\\index.php')
WARNING - 2025-12-19 03:49:39 --> [DEPRECATED] Passing lowercase HTTP method "post" is deprecated. Use uppercase HTTP method like "POST". in SYSTEMPATH\Router\RouteCollection.php on line 1026.
 1 SYSTEMPATH\Router\RouteCollection.php(1026): trigger_error('Passing lowercase HTTP method "post" is deprecated. Use uppercase HTTP method like "POST".', 16384)
 2 APPPATH\Config\Routes.php(15): CodeIgniter\Router\RouteCollection->match([...], 'login/auth', 'Login::auth')
 3 SYSTEMPATH\Router\RouteCollection.php(339): require('C:\\laragon\\www\\Project Pweb2\\app\\Config\\Routes.php')
 4 SYSTEMPATH\CodeIgniter.php(821): CodeIgniter\Router\RouteCollection->loadRoutes()
 5 SYSTEMPATH\CodeIgniter.php(455): CodeIgniter\CodeIgniter->tryToRouteIt(null)
 6 SYSTEMPATH\CodeIgniter.php(354): CodeIgniter\CodeIgniter->handleRequest(null, Object(Config\Cache), false)
 7 SYSTEMPATH\Boot.php(363): CodeIgniter\CodeIgniter->run()
 8 SYSTEMPATH\Boot.php(68): CodeIgniter\Boot::runCodeIgniter(Object(CodeIgniter\CodeIgniter))
 9 FCPATH\index.php(59): CodeIgniter\Boot::bootWeb(Object(Config\Paths))
10 SYSTEMPATH\rewrite.php(44): require_once('C:\\laragon\\www\\Project Pweb2\\public\\index.php')
DEBUG - 2025-12-19 03:49:39 --> Session: Class initialized using 'CodeIgniter\Session\Handlers\FileHandler' driver.
WARNING - 2025-12-19 03:49:41 --> [DEPRECATED] Passing lowercase HTTP method "get" is deprecated. Use uppercase HTTP method like "GET". in SYSTEMPATH\Router\RouteCollection.php on line 1026.
 1 SYSTEMPATH\Router\RouteCollection.php(1026): trigger_error('Passing lowercase HTTP method "get" is deprecated. Use uppercase HTTP method like "GET".', 16384)
 2 APPPATH\Config\Routes.php(15): CodeIgniter\Router\RouteCollection->match([...], 'login/auth', 'Login::auth')
 3 SYSTEMPATH\Router\RouteCollection.php(339): require('C:\\laragon\\www\\Project Pweb2\\app\\Config\\Routes.php')
 4 SYSTEMPATH\CodeIgniter.php(821): CodeIgniter\Router\RouteCollection->loadRoutes()
 5 SYSTEMPATH\CodeIgniter.php(455): CodeIgniter\CodeIgniter->tryToRouteIt(null)
 6 SYSTEMPATH\CodeIgniter.php(354): CodeIgniter\CodeIgniter->handleRequest(null, Object(Config\Cache), false)
 7 SYSTEMPATH\Boot.php(363): CodeIgniter\CodeIgniter->run()
 8 SYSTEMPATH\Boot.php(68): CodeIgniter\Boot::runCodeIgniter(Object(CodeIgniter\CodeIgniter))
 9 FCPATH\index.php(59): CodeIgniter\Boot::bootWeb(Object(Config\Paths))
10 SYSTEMPATH\rewrite.php(44): require_once('C:\\laragon\\www\\Project Pweb2\\public\\index.php')
WARNING - 2025-12-19 03:49:41 --> [DEPRECATED] Passing lowercase HTTP method "post" is deprecated. Use uppercase HTTP method like "POST". in SYSTEMPATH\Router\RouteCollection.php on line 1026.
 1 SYSTEMPATH\Router\RouteCollection.php(1026): trigger_error('Passing lowercase HTTP method "post" is deprecated. Use uppercase HTTP method like "POST".', 16384)
 2 APPPATH\Config\Routes.php(15): CodeIgniter\Router\RouteCollection->match([...], 'login/auth', 'Login::auth')
 3 SYSTEMPATH\Router\RouteCollection.php(339): require('C:\\laragon\\www\\Project Pweb2\\app\\Config\\Routes.php')
 4 SYSTEMPATH\CodeIgniter.php(821): CodeIgniter\Router\RouteCollection->loadRoutes()
 5 SYSTEMPATH\CodeIgniter.php(455): CodeIgniter\CodeIgniter->tryToRouteIt(null)
 6 SYSTEMPATH\CodeIgniter.php(354): CodeIgniter\CodeIgniter->handleRequest(null, Object(Config\Cache), false)
 7 SYSTEMPATH\Boot.php(363): CodeIgniter\CodeIgniter->run()
 8 SYSTEMPATH\Boot.php(68): CodeIgniter\Boot::runCodeIgniter(Object(CodeIgniter\CodeIgniter))
 9 FCPATH\index.php(59): CodeIgniter\Boot::bootWeb(Object(Config\Paths))
10 SYSTEMPATH\rewrite.php(44): require_once('C:\\laragon\\www\\Project Pweb2\\public\\index.php')
DEBUG - 2025-12-19 03:49:41 --> Session: Class initialized using 'CodeIgniter\Session\Handlers\FileHandler' driver.
WARNING - 2025-12-19 03:49:45 --> [DEPRECATED] Passing lowercase HTTP method "get" is deprecated. Use uppercase HTTP method like "GET". in SYSTEMPATH\Router\RouteCollection.php on line 1026.
 1 SYSTEMPATH\Router\RouteCollection.php(1026): trigger_error('Passing lowercase HTTP method "get" is deprecated. Use uppercase HTTP method like "GET".', 16384)
 2 APPPATH\Config\Routes.php(15): CodeIgniter\Router\RouteCollection->match([...], 'login/auth', 'Login::auth')
 3 SYSTEMPATH\Router\RouteCollection.php(339): require('C:\\laragon\\www\\Project Pweb2\\app\\Config\\Routes.php')
 4 SYSTEMPATH\CodeIgniter.php(821): CodeIgniter\Router\RouteCollection->loadRoutes()
 5 SYSTEMPATH\CodeIgniter.php(455): CodeIgniter\CodeIgniter->tryToRouteIt(null)
 6 SYSTEMPATH\CodeIgniter.php(354): CodeIgniter\CodeIgniter->handleRequest(null, Object(Config\Cache), false)
 7 SYSTEMPATH\Boot.php(363): CodeIgniter\CodeIgniter->run()
 8 SYSTEMPATH\Boot.php(68): CodeIgniter\Boot::runCodeIgniter(Object(CodeIgniter\CodeIgniter))
 9 FCPATH\index.php(59): CodeIgniter\Boot::bootWeb(Object(Config\Paths))
10 SYSTEMPATH\rewrite.php(44): require_once('C:\\laragon\\www\\Project Pweb2\\public\\index.php')
WARNING - 2025-12-19 03:49:45 --> [DEPRECATED] Passing lowercase HTTP method "post" is deprecated. Use uppercase HTTP method like "POST". in SYSTEMPATH\Router\RouteCollection.php on line 1026.
 1 SYSTEMPATH\Router\RouteCollection.php(1026): trigger_error('Passing lowercase HTTP method "post" is deprecated. Use uppercase HTTP method like "POST".', 16384)
 2 APPPATH\Config\Routes.php(15): CodeIgniter\Router\RouteCollection->match([...], 'login/auth', 'Login::auth')
 3 SYSTEMPATH\Router\RouteCollection.php(339): require('C:\\laragon\\www\\Project Pweb2\\app\\Config\\Routes.php')
 4 SYSTEMPATH\CodeIgniter.php(821): CodeIgniter\Router\RouteCollection->loadRoutes()
 5 SYSTEMPATH\CodeIgniter.php(455): CodeIgniter\CodeIgniter->tryToRouteIt(null)
 6 SYSTEMPATH\CodeIgniter.php(354): CodeIgniter\CodeIgniter->handleRequest(null, Object(Config\Cache), false)
 7 SYSTEMPATH\Boot.php(363): CodeIgniter\CodeIgniter->run()
 8 SYSTEMPATH\Boot.php(68): CodeIgniter\Boot::runCodeIgniter(Object(CodeIgniter\CodeIgniter))
 9 FCPATH\index.php(59): CodeIgniter\Boot::bootWeb(Object(Config\Paths))
10 SYSTEMPATH\rewrite.php(44): require_once('C:\\laragon\\www\\Project Pweb2\\public\\index.php')
DEBUG - 2025-12-19 03:49:45 --> Session: Class initialized using 'CodeIgniter\Session\Handlers\FileHandler' driver.
WARNING - 2025-12-19 03:49:47 --> [DEPRECATED] Passing lowercase HTTP method "get" is deprecated. Use uppercase HTTP method like "GET". in SYSTEMPATH\Router\RouteCollection.php on line 1026.
 1 SYSTEMPATH\Router\RouteCollection.php(1026): trigger_error('Passing lowercase HTTP method "get" is deprecated. Use uppercase HTTP method like "GET".', 16384)
 2 APPPATH\Config\Routes.php(15): CodeIgniter\Router\RouteCollection->match([...], 'login/auth', 'Login::auth')
 3 SYSTEMPATH\Router\RouteCollection.php(339): require('C:\\laragon\\www\\Project Pweb2\\app\\Config\\Routes.php')
 4 SYSTEMPATH\CodeIgniter.php(821): CodeIgniter\Router\RouteCollection->loadRoutes()
 5 SYSTEMPATH\CodeIgniter.php(455): CodeIgniter\CodeIgniter->tryToRouteIt(null)
 6 SYSTEMPATH\CodeIgniter.php(354): CodeIgniter\CodeIgniter->handleRequest(null, Object(Config\Cache), false)
 7 SYSTEMPATH\Boot.php(363): CodeIgniter\CodeIgniter->run()
 8 SYSTEMPATH\Boot.php(68): CodeIgniter\Boot::runCodeIgniter(Object(CodeIgniter\CodeIgniter))
 9 FCPATH\index.php(59): CodeIgniter\Boot::bootWeb(Object(Config\Paths))
10 SYSTEMPATH\rewrite.php(44): require_once('C:\\laragon\\www\\Project Pweb2\\public\\index.php')
WARNING - 2025-12-19 03:49:47 --> [DEPRECATED] Passing lowercase HTTP method "post" is deprecated. Use uppercase HTTP method like "POST". in SYSTEMPATH\Router\RouteCollection.php on line 1026.
 1 SYSTEMPATH\Router\RouteCollection.php(1026): trigger_error('Passing lowercase HTTP method "post" is deprecated. Use uppercase HTTP method like "POST".', 16384)
 2 APPPATH\Config\Routes.php(15): CodeIgniter\Router\RouteCollection->match([...], 'login/auth', 'Login::auth')
 3 SYSTEMPATH\Router\RouteCollection.php(339): require('C:\\laragon\\www\\Project Pweb2\\app\\Config\\Routes.php')
 4 SYSTEMPATH\CodeIgniter.php(821): CodeIgniter\Router\RouteCollection->loadRoutes()
 5 SYSTEMPATH\CodeIgniter.php(455): CodeIgniter\CodeIgniter->tryToRouteIt(null)
 6 SYSTEMPATH\CodeIgniter.php(354): CodeIgniter\CodeIgniter->handleRequest(null, Object(Config\Cache), false)
 7 SYSTEMPATH\Boot.php(363): CodeIgniter\CodeIgniter->run()
 8 SYSTEMPATH\Boot.php(68): CodeIgniter\Boot::runCodeIgniter(Object(CodeIgniter\CodeIgniter))
 9 FCPATH\index.php(59): CodeIgniter\Boot::bootWeb(Object(Config\Paths))
10 SYSTEMPATH\rewrite.php(44): require_once('C:\\laragon\\www\\Project Pweb2\\public\\index.php')
DEBUG - 2025-12-19 03:49:47 --> Session: Class initialized using 'CodeIgniter\Session\Handlers\FileHandler' driver.
WARNING - 2025-12-19 03:49:49 --> [DEPRECATED] Passing lowercase HTTP method "get" is deprecated. Use uppercase HTTP method like "GET". in SYSTEMPATH\Router\RouteCollection.php on line 1026.
 1 SYSTEMPATH\Router\RouteCollection.php(1026): trigger_error('Passing lowercase HTTP method "get" is deprecated. Use uppercase HTTP method like "GET".', 16384)
 2 APPPATH\Config\Routes.php(15): CodeIgniter\Router\RouteCollection->match([...], 'login/auth', 'Login::auth')
 3 SYSTEMPATH\Router\RouteCollection.php(339): require('C:\\laragon\\www\\Project Pweb2\\app\\Config\\Routes.php')
 4 SYSTEMPATH\CodeIgniter.php(821): CodeIgniter\Router\RouteCollection->loadRoutes()
 5 SYSTEMPATH\CodeIgniter.php(455): CodeIgniter\CodeIgniter->tryToRouteIt(null)
 6 SYSTEMPATH\CodeIgniter.php(354): CodeIgniter\CodeIgniter->handleRequest(null, Object(Config\Cache), false)
 7 SYSTEMPATH\Boot.php(363): CodeIgniter\CodeIgniter->run()
 8 SYSTEMPATH\Boot.php(68): CodeIgniter\Boot::runCodeIgniter(Object(CodeIgniter\CodeIgniter))
 9 FCPATH\index.php(59): CodeIgniter\Boot::bootWeb(Object(Config\Paths))
10 SYSTEMPATH\rewrite.php(44): require_once('C:\\laragon\\www\\Project Pweb2\\public\\index.php')
WARNING - 2025-12-19 03:49:49 --> [DEPRECATED] Passing lowercase HTTP method "post" is deprecated. Use uppercase HTTP method like "POST". in SYSTEMPATH\Router\RouteCollection.php on line 1026.
 1 SYSTEMPATH\Router\RouteCollection.php(1026): trigger_error('Passing lowercase HTTP method "post" is deprecated. Use uppercase HTTP method like "POST".', 16384)
 2 APPPATH\Config\Routes.php(15): CodeIgniter\Router\RouteCollection->match([...], 'login/auth', 'Login::auth')
 3 SYSTEMPATH\Router\RouteCollection.php(339): require('C:\\laragon\\www\\Project Pweb2\\app\\Config\\Routes.php')
 4 SYSTEMPATH\CodeIgniter.php(821): CodeIgniter\Router\RouteCollection->loadRoutes()
 5 SYSTEMPATH\CodeIgniter.php(455): CodeIgniter\CodeIgniter->tryToRouteIt(null)
 6 SYSTEMPATH\CodeIgniter.php(354): CodeIgniter\CodeIgniter->handleRequest(null, Object(Config\Cache), false)
 7 SYSTEMPATH\Boot.php(363): CodeIgniter\CodeIgniter->run()
 8 SYSTEMPATH\Boot.php(68): CodeIgniter\Boot::runCodeIgniter(Object(CodeIgniter\CodeIgniter))
 9 FCPATH\index.php(59): CodeIgniter\Boot::bootWeb(Object(Config\Paths))
10 SYSTEMPATH\rewrite.php(44): require_once('C:\\laragon\\www\\Project Pweb2\\public\\index.php')
DEBUG - 2025-12-19 03:49:49 --> Session: Class initialized using 'CodeIgniter\Session\Handlers\FileHandler' driver.
WARNING - 2025-12-19 03:49:51 --> [DEPRECATED] Passing lowercase HTTP method "get" is deprecated. Use uppercase HTTP method like "GET". in SYSTEMPATH\Router\RouteCollection.php on line 1026.
 1 SYSTEMPATH\Router\RouteCollection.php(1026): trigger_error('Passing lowercase HTTP method "get" is deprecated. Use uppercase HTTP method like "GET".', 16384)
 2 APPPATH\Config\Routes.php(15): CodeIgniter\Router\RouteCollection->match([...], 'login/auth', 'Login::auth')
 3 SYSTEMPATH\Router\RouteCollection.php(339): require('C:\\laragon\\www\\Project Pweb2\\app\\Config\\Routes.php')
 4 SYSTEMPATH\CodeIgniter.php(821): CodeIgniter\Router\RouteCollection->loadRoutes()
 5 SYSTEMPATH\CodeIgniter.php(455): CodeIgniter\CodeIgniter->tryToRouteIt(null)
 6 SYSTEMPATH\CodeIgniter.php(354): CodeIgniter\CodeIgniter->handleRequest(null, Object(Config\Cache), false)
 7 SYSTEMPATH\Boot.php(363): CodeIgniter\CodeIgniter->run()
 8 SYSTEMPATH\Boot.php(68): CodeIgniter\Boot::runCodeIgniter(Object(CodeIgniter\CodeIgniter))
 9 FCPATH\index.php(59): CodeIgniter\Boot::bootWeb(Object(Config\Paths))
10 SYSTEMPATH\rewrite.php(44): require_once('C:\\laragon\\www\\Project Pweb2\\public\\index.php')
WARNING - 2025-12-19 03:49:51 --> [DEPRECATED] Passing lowercase HTTP method "post" is deprecated. Use uppercase HTTP method like "POST". in SYSTEMPATH\Router\RouteCollection.php on line 1026.
 1 SYSTEMPATH\Router\RouteCollection.php(1026): trigger_error('Passing lowercase HTTP method "post" is deprecated. Use uppercase HTTP method like "POST".', 16384)
 2 APPPATH\Config\Routes.php(15): CodeIgniter\Router\RouteCollection->match([...], 'login/auth', 'Login::auth')
 3 SYSTEMPATH\Router\RouteCollection.php(339): require('C:\\laragon\\www\\Project Pweb2\\app\\Config\\Routes.php')
 4 SYSTEMPATH\CodeIgniter.php(821): CodeIgniter\Router\RouteCollection->loadRoutes()
 5 SYSTEMPATH\CodeIgniter.php(455): CodeIgniter\CodeIgniter->tryToRouteIt(null)
 6 SYSTEMPATH\CodeIgniter.php(354): CodeIgniter\CodeIgniter->handleRequest(null, Object(Config\Cache), false)
 7 SYSTEMPATH\Boot.php(363): CodeIgniter\CodeIgniter->run()
 8 SYSTEMPATH\Boot.php(68): CodeIgniter\Boot::runCodeIgniter(Object(CodeIgniter\CodeIgniter))
 9 FCPATH\index.php(59): CodeIgniter\Boot::bootWeb(Object(Config\Paths))
10 SYSTEMPATH\rewrite.php(44): require_once('C:\\laragon\\www\\Project Pweb2\\public\\index.php')
DEBUG - 2025-12-19 03:49:51 --> Session: Class initialized using 'CodeIgniter\Session\Handlers\FileHandler' driver.
WARNING - 2025-12-19 03:50:05 --> [DEPRECATED] Passing lowercase HTTP method "get" is deprecated. Use uppercase HTTP method like "GET". in SYSTEMPATH\Router\RouteCollection.php on line 1026.
 1 SYSTEMPATH\Router\RouteCollection.php(1026): trigger_error('Passing lowercase HTTP method "get" is deprecated. Use uppercase HTTP method like "GET".', 16384)
 2 APPPATH\Config\Routes.php(15): CodeIgniter\Router\RouteCollection->match([...], 'login/auth', 'Login::auth')
 3 SYSTEMPATH\Router\RouteCollection.php(339): require('C:\\laragon\\www\\Project Pweb2\\app\\Config\\Routes.php')
 4 SYSTEMPATH\CodeIgniter.php(821): CodeIgniter\Router\RouteCollection->loadRoutes()
 5 SYSTEMPATH\CodeIgniter.php(455): CodeIgniter\CodeIgniter->tryToRouteIt(null)
 6 SYSTEMPATH\CodeIgniter.php(354): CodeIgniter\CodeIgniter->handleRequest(null, Object(Config\Cache), false)
 7 SYSTEMPATH\Boot.php(363): CodeIgniter\CodeIgniter->run()
 8 SYSTEMPATH\Boot.php(68): CodeIgniter\Boot::runCodeIgniter(Object(CodeIgniter\CodeIgniter))
 9 FCPATH\index.php(59): CodeIgniter\Boot::bootWeb(Object(Config\Paths))
10 SYSTEMPATH\rewrite.php(44): require_once('C:\\laragon\\www\\Project Pweb2\\public\\index.php')
WARNING - 2025-12-19 03:50:05 --> [DEPRECATED] Passing lowercase HTTP method "post" is deprecated. Use uppercase HTTP method like "POST". in SYSTEMPATH\Router\RouteCollection.php on line 1026.
 1 SYSTEMPATH\Router\RouteCollection.php(1026): trigger_error('Passing lowercase HTTP method "post" is deprecated. Use uppercase HTTP method like "POST".', 16384)
 2 APPPATH\Config\Routes.php(15): CodeIgniter\Router\RouteCollection->match([...], 'login/auth', 'Login::auth')
 3 SYSTEMPATH\Router\RouteCollection.php(339): require('C:\\laragon\\www\\Project Pweb2\\app\\Config\\Routes.php')
 4 SYSTEMPATH\CodeIgniter.php(821): CodeIgniter\Router\RouteCollection->loadRoutes()
 5 SYSTEMPATH\CodeIgniter.php(455): CodeIgniter\CodeIgniter->tryToRouteIt(null)
 6 SYSTEMPATH\CodeIgniter.php(354): CodeIgniter\CodeIgniter->handleRequest(null, Object(Config\Cache), false)
 7 SYSTEMPATH\Boot.php(363): CodeIgniter\CodeIgniter->run()
 8 SYSTEMPATH\Boot.php(68): CodeIgniter\Boot::runCodeIgniter(Object(CodeIgniter\CodeIgniter))
 9 FCPATH\index.php(59): CodeIgniter\Boot::bootWeb(Object(Config\Paths))
10 SYSTEMPATH\rewrite.php(44): require_once('C:\\laragon\\www\\Project Pweb2\\public\\index.php')
DEBUG - 2025-12-19 03:50:05 --> Session: Class initialized using 'CodeIgniter\Session\Handlers\FileHandler' driver.
WARNING - 2025-12-19 03:50:06 --> [DEPRECATED] Passing lowercase HTTP method "get" is deprecated. Use uppercase HTTP method like "GET". in SYSTEMPATH\Router\RouteCollection.php on line 1026.
 1 SYSTEMPATH\Router\RouteCollection.php(1026): trigger_error('Passing lowercase HTTP method "get" is deprecated. Use uppercase HTTP method like "GET".', 16384)
 2 APPPATH\Config\Routes.php(15): CodeIgniter\Router\RouteCollection->match([...], 'login/auth', 'Login::auth')
 3 SYSTEMPATH\Router\RouteCollection.php(339): require('C:\\laragon\\www\\Project Pweb2\\app\\Config\\Routes.php')
 4 SYSTEMPATH\CodeIgniter.php(821): CodeIgniter\Router\RouteCollection->loadRoutes()
 5 SYSTEMPATH\CodeIgniter.php(455): CodeIgniter\CodeIgniter->tryToRouteIt(null)
 6 SYSTEMPATH\CodeIgniter.php(354): CodeIgniter\CodeIgniter->handleRequest(null, Object(Config\Cache), false)
 7 SYSTEMPATH\Boot.php(363): CodeIgniter\CodeIgniter->run()
 8 SYSTEMPATH\Boot.php(68): CodeIgniter\Boot::runCodeIgniter(Object(CodeIgniter\CodeIgniter))
 9 FCPATH\index.php(59): CodeIgniter\Boot::bootWeb(Object(Config\Paths))
10 SYSTEMPATH\rewrite.php(44): require_once('C:\\laragon\\www\\Project Pweb2\\public\\index.php')
WARNING - 2025-12-19 03:50:06 --> [DEPRECATED] Passing lowercase HTTP method "post" is deprecated. Use uppercase HTTP method like "POST". in SYSTEMPATH\Router\RouteCollection.php on line 1026.
 1 SYSTEMPATH\Router\RouteCollection.php(1026): trigger_error('Passing lowercase HTTP method "post" is deprecated. Use uppercase HTTP method like "POST".', 16384)
 2 APPPATH\Config\Routes.php(15): CodeIgniter\Router\RouteCollection->match([...], 'login/auth', 'Login::auth')
 3 SYSTEMPATH\Router\RouteCollection.php(339): require('C:\\laragon\\www\\Project Pweb2\\app\\Config\\Routes.php')
 4 SYSTEMPATH\CodeIgniter.php(821): CodeIgniter\Router\RouteCollection->loadRoutes()
 5 SYSTEMPATH\CodeIgniter.php(455): CodeIgniter\CodeIgniter->tryToRouteIt(null)
 6 SYSTEMPATH\CodeIgniter.php(354): CodeIgniter\CodeIgniter->handleRequest(null, Object(Config\Cache), false)
 7 SYSTEMPATH\Boot.php(363): CodeIgniter\CodeIgniter->run()
 8 SYSTEMPATH\Boot.php(68): CodeIgniter\Boot::runCodeIgniter(Object(CodeIgniter\CodeIgniter))
 9 FCPATH\index.php(59): CodeIgniter\Boot::bootWeb(Object(Config\Paths))
10 SYSTEMPATH\rewrite.php(44): require_once('C:\\laragon\\www\\Project Pweb2\\public\\index.php')
DEBUG - 2025-12-19 03:50:06 --> Session: Class initialized using 'CodeIgniter\Session\Handlers\FileHandler' driver.
WARNING - 2025-12-19 03:50:09 --> [DEPRECATED] Passing lowercase HTTP method "get" is deprecated. Use uppercase HTTP method like "GET". in SYSTEMPATH\Router\RouteCollection.php on line 1026.
 1 SYSTEMPATH\Router\RouteCollection.php(1026): trigger_error('Passing lowercase HTTP method "get" is deprecated. Use uppercase HTTP method like "GET".', 16384)
 2 APPPATH\Config\Routes.php(15): CodeIgniter\Router\RouteCollection->match([...], 'login/auth', 'Login::auth')
 3 SYSTEMPATH\Router\RouteCollection.php(339): require('C:\\laragon\\www\\Project Pweb2\\app\\Config\\Routes.php')
 4 SYSTEMPATH\CodeIgniter.php(821): CodeIgniter\Router\RouteCollection->loadRoutes()
 5 SYSTEMPATH\CodeIgniter.php(455): CodeIgniter\CodeIgniter->tryToRouteIt(null)
 6 SYSTEMPATH\CodeIgniter.php(354): CodeIgniter\CodeIgniter->handleRequest(null, Object(Config\Cache), false)
 7 SYSTEMPATH\Boot.php(363): CodeIgniter\CodeIgniter->run()
 8 SYSTEMPATH\Boot.php(68): CodeIgniter\Boot::runCodeIgniter(Object(CodeIgniter\CodeIgniter))
 9 FCPATH\index.php(59): CodeIgniter\Boot::bootWeb(Object(Config\Paths))
10 SYSTEMPATH\rewrite.php(44): require_once('C:\\laragon\\www\\Project Pweb2\\public\\index.php')
WARNING - 2025-12-19 03:50:09 --> [DEPRECATED] Passing lowercase HTTP method "post" is deprecated. Use uppercase HTTP method like "POST". in SYSTEMPATH\Router\RouteCollection.php on line 1026.
 1 SYSTEMPATH\Router\RouteCollection.php(1026): trigger_error('Passing lowercase HTTP method "post" is deprecated. Use uppercase HTTP method like "POST".', 16384)
 2 APPPATH\Config\Routes.php(15): CodeIgniter\Router\RouteCollection->match([...], 'login/auth', 'Login::auth')
 3 SYSTEMPATH\Router\RouteCollection.php(339): require('C:\\laragon\\www\\Project Pweb2\\app\\Config\\Routes.php')
 4 SYSTEMPATH\CodeIgniter.php(821): CodeIgniter\Router\RouteCollection->loadRoutes()
 5 SYSTEMPATH\CodeIgniter.php(455): CodeIgniter\CodeIgniter->tryToRouteIt(null)
 6 SYSTEMPATH\CodeIgniter.php(354): CodeIgniter\CodeIgniter->handleRequest(null, Object(Config\Cache), false)
 7 SYSTEMPATH\Boot.php(363): CodeIgniter\CodeIgniter->run()
 8 SYSTEMPATH\Boot.php(68): CodeIgniter\Boot::runCodeIgniter(Object(CodeIgniter\CodeIgniter))
 9 FCPATH\index.php(59): CodeIgniter\Boot::bootWeb(Object(Config\Paths))
10 SYSTEMPATH\rewrite.php(44): require_once('C:\\laragon\\www\\Project Pweb2\\public\\index.php')
DEBUG - 2025-12-19 03:50:09 --> Session: Class initialized using 'CodeIgniter\Session\Handlers\FileHandler' driver.
WARNING - 2025-12-19 03:50:12 --> [DEPRECATED] Passing lowercase HTTP method "get" is deprecated. Use uppercase HTTP method like "GET". in SYSTEMPATH\Router\RouteCollection.php on line 1026.
 1 SYSTEMPATH\Router\RouteCollection.php(1026): trigger_error('Passing lowercase HTTP method "get" is deprecated. Use uppercase HTTP method like "GET".', 16384)
 2 APPPATH\Config\Routes.php(15): CodeIgniter\Router\RouteCollection->match([...], 'login/auth', 'Login::auth')
 3 SYSTEMPATH\Router\RouteCollection.php(339): require('C:\\laragon\\www\\Project Pweb2\\app\\Config\\Routes.php')
 4 SYSTEMPATH\CodeIgniter.php(821): CodeIgniter\Router\RouteCollection->loadRoutes()
 5 SYSTEMPATH\CodeIgniter.php(455): CodeIgniter\CodeIgniter->tryToRouteIt(null)
 6 SYSTEMPATH\CodeIgniter.php(354): CodeIgniter\CodeIgniter->handleRequest(null, Object(Config\Cache), false)
 7 SYSTEMPATH\Boot.php(363): CodeIgniter\CodeIgniter->run()
 8 SYSTEMPATH\Boot.php(68): CodeIgniter\Boot::runCodeIgniter(Object(CodeIgniter\CodeIgniter))
 9 FCPATH\index.php(59): CodeIgniter\Boot::bootWeb(Object(Config\Paths))
10 SYSTEMPATH\rewrite.php(44): require_once('C:\\laragon\\www\\Project Pweb2\\public\\index.php')
WARNING - 2025-12-19 03:50:12 --> [DEPRECATED] Passing lowercase HTTP method "post" is deprecated. Use uppercase HTTP method like "POST". in SYSTEMPATH\Router\RouteCollection.php on line 1026.
 1 SYSTEMPATH\Router\RouteCollection.php(1026): trigger_error('Passing lowercase HTTP method "post" is deprecated. Use uppercase HTTP method like "POST".', 16384)
 2 APPPATH\Config\Routes.php(15): CodeIgniter\Router\RouteCollection->match([...], 'login/auth', 'Login::auth')
 3 SYSTEMPATH\Router\RouteCollection.php(339): require('C:\\laragon\\www\\Project Pweb2\\app\\Config\\Routes.php')
 4 SYSTEMPATH\CodeIgniter.php(821): CodeIgniter\Router\RouteCollection->loadRoutes()
 5 SYSTEMPATH\CodeIgniter.php(455): CodeIgniter\CodeIgniter->tryToRouteIt(null)
 6 SYSTEMPATH\CodeIgniter.php(354): CodeIgniter\CodeIgniter->handleRequest(null, Object(Config\Cache), false)
 7 SYSTEMPATH\Boot.php(363): CodeIgniter\CodeIgniter->run()
 8 SYSTEMPATH\Boot.php(68): CodeIgniter\Boot::runCodeIgniter(Object(CodeIgniter\CodeIgniter))
 9 FCPATH\index.php(59): CodeIgniter\Boot::bootWeb(Object(Config\Paths))
10 SYSTEMPATH\rewrite.php(44): require_once('C:\\laragon\\www\\Project Pweb2\\public\\index.php')
DEBUG - 2025-12-19 03:50:12 --> Session: Class initialized using 'CodeIgniter\Session\Handlers\FileHandler' driver.
WARNING - 2025-12-19 03:50:12 --> [DEPRECATED] Passing lowercase HTTP method "get" is deprecated. Use uppercase HTTP method like "GET". in SYSTEMPATH\Router\RouteCollection.php on line 1026.
 1 SYSTEMPATH\Router\RouteCollection.php(1026): trigger_error('Passing lowercase HTTP method "get" is deprecated. Use uppercase HTTP method like "GET".', 16384)
 2 APPPATH\Config\Routes.php(15): CodeIgniter\Router\RouteCollection->match([...], 'login/auth', 'Login::auth')
 3 SYSTEMPATH\Router\RouteCollection.php(339): require('C:\\laragon\\www\\Project Pweb2\\app\\Config\\Routes.php')
 4 SYSTEMPATH\CodeIgniter.php(821): CodeIgniter\Router\RouteCollection->loadRoutes()
 5 SYSTEMPATH\CodeIgniter.php(455): CodeIgniter\CodeIgniter->tryToRouteIt(null)
 6 SYSTEMPATH\CodeIgniter.php(354): CodeIgniter\CodeIgniter->handleRequest(null, Object(Config\Cache), false)
 7 SYSTEMPATH\Boot.php(363): CodeIgniter\CodeIgniter->run()
 8 SYSTEMPATH\Boot.php(68): CodeIgniter\Boot::runCodeIgniter(Object(CodeIgniter\CodeIgniter))
 9 FCPATH\index.php(59): CodeIgniter\Boot::bootWeb(Object(Config\Paths))
10 SYSTEMPATH\rewrite.php(44): require_once('C:\\laragon\\www\\Project Pweb2\\public\\index.php')
WARNING - 2025-12-19 03:50:12 --> [DEPRECATED] Passing lowercase HTTP method "post" is deprecated. Use uppercase HTTP method like "POST". in SYSTEMPATH\Router\RouteCollection.php on line 1026.
 1 SYSTEMPATH\Router\RouteCollection.php(1026): trigger_error('Passing lowercase HTTP method "post" is deprecated. Use uppercase HTTP method like "POST".', 16384)
 2 APPPATH\Config\Routes.php(15): CodeIgniter\Router\RouteCollection->match([...], 'login/auth', 'Login::auth')
 3 SYSTEMPATH\Router\RouteCollection.php(339): require('C:\\laragon\\www\\Project Pweb2\\app\\Config\\Routes.php')
 4 SYSTEMPATH\CodeIgniter.php(821): CodeIgniter\Router\RouteCollection->loadRoutes()
 5 SYSTEMPATH\CodeIgniter.php(455): CodeIgniter\CodeIgniter->tryToRouteIt(null)
 6 SYSTEMPATH\CodeIgniter.php(354): CodeIgniter\CodeIgniter->handleRequest(null, Object(Config\Cache), false)
 7 SYSTEMPATH\Boot.php(363): CodeIgniter\CodeIgniter->run()
 8 SYSTEMPATH\Boot.php(68): CodeIgniter\Boot::runCodeIgniter(Object(CodeIgniter\CodeIgniter))
 9 FCPATH\index.php(59): CodeIgniter\Boot::bootWeb(Object(Config\Paths))
10 SYSTEMPATH\rewrite.php(44): require_once('C:\\laragon\\www\\Project Pweb2\\public\\index.php')
DEBUG - 2025-12-19 03:50:13 --> Session: Class initialized using 'CodeIgniter\Session\Handlers\FileHandler' driver.
WARNING - 2025-12-19 03:50:17 --> [DEPRECATED] Passing lowercase HTTP method "get" is deprecated. Use uppercase HTTP method like "GET". in SYSTEMPATH\Router\RouteCollection.php on line 1026.
 1 SYSTEMPATH\Router\RouteCollection.php(1026): trigger_error('Passing lowercase HTTP method "get" is deprecated. Use uppercase HTTP method like "GET".', 16384)
 2 APPPATH\Config\Routes.php(15): CodeIgniter\Router\RouteCollection->match([...], 'login/auth', 'Login::auth')
 3 SYSTEMPATH\Router\RouteCollection.php(339): require('C:\\laragon\\www\\Project Pweb2\\app\\Config\\Routes.php')
 4 SYSTEMPATH\CodeIgniter.php(821): CodeIgniter\Router\RouteCollection->loadRoutes()
 5 SYSTEMPATH\CodeIgniter.php(455): CodeIgniter\CodeIgniter->tryToRouteIt(null)
 6 SYSTEMPATH\CodeIgniter.php(354): CodeIgniter\CodeIgniter->handleRequest(null, Object(Config\Cache), false)
 7 SYSTEMPATH\Boot.php(363): CodeIgniter\CodeIgniter->run()
 8 SYSTEMPATH\Boot.php(68): CodeIgniter\Boot::runCodeIgniter(Object(CodeIgniter\CodeIgniter))
 9 FCPATH\index.php(59): CodeIgniter\Boot::bootWeb(Object(Config\Paths))
10 SYSTEMPATH\rewrite.php(44): require_once('C:\\laragon\\www\\Project Pweb2\\public\\index.php')
WARNING - 2025-12-19 03:50:17 --> [DEPRECATED] Passing lowercase HTTP method "post" is deprecated. Use uppercase HTTP method like "POST". in SYSTEMPATH\Router\RouteCollection.php on line 1026.
 1 SYSTEMPATH\Router\RouteCollection.php(1026): trigger_error('Passing lowercase HTTP method "post" is deprecated. Use uppercase HTTP method like "POST".', 16384)
 2 APPPATH\Config\Routes.php(15): CodeIgniter\Router\RouteCollection->match([...], 'login/auth', 'Login::auth')
 3 SYSTEMPATH\Router\RouteCollection.php(339): require('C:\\laragon\\www\\Project Pweb2\\app\\Config\\Routes.php')
 4 SYSTEMPATH\CodeIgniter.php(821): CodeIgniter\Router\RouteCollection->loadRoutes()
 5 SYSTEMPATH\CodeIgniter.php(455): CodeIgniter\CodeIgniter->tryToRouteIt(null)
 6 SYSTEMPATH\CodeIgniter.php(354): CodeIgniter\CodeIgniter->handleRequest(null, Object(Config\Cache), false)
 7 SYSTEMPATH\Boot.php(363): CodeIgniter\CodeIgniter->run()
 8 SYSTEMPATH\Boot.php(68): CodeIgniter\Boot::runCodeIgniter(Object(CodeIgniter\CodeIgniter))
 9 FCPATH\index.php(59): CodeIgniter\Boot::bootWeb(Object(Config\Paths))
10 SYSTEMPATH\rewrite.php(44): require_once('C:\\laragon\\www\\Project Pweb2\\public\\index.php')
DEBUG - 2025-12-19 03:50:17 --> Session: Class initialized using 'CodeIgniter\Session\Handlers\FileHandler' driver.
WARNING - 2025-12-19 03:50:18 --> [DEPRECATED] Passing lowercase HTTP method "get" is deprecated. Use uppercase HTTP method like "GET". in SYSTEMPATH\Router\RouteCollection.php on line 1026.
 1 SYSTEMPATH\Router\RouteCollection.php(1026): trigger_error('Passing lowercase HTTP method "get" is deprecated. Use uppercase HTTP method like "GET".', 16384)
 2 APPPATH\Config\Routes.php(15): CodeIgniter\Router\RouteCollection->match([...], 'login/auth', 'Login::auth')
 3 SYSTEMPATH\Router\RouteCollection.php(339): require('C:\\laragon\\www\\Project Pweb2\\app\\Config\\Routes.php')
 4 SYSTEMPATH\CodeIgniter.php(821): CodeIgniter\Router\RouteCollection->loadRoutes()
 5 SYSTEMPATH\CodeIgniter.php(455): CodeIgniter\CodeIgniter->tryToRouteIt(null)
 6 SYSTEMPATH\CodeIgniter.php(354): CodeIgniter\CodeIgniter->handleRequest(null, Object(Config\Cache), false)
 7 SYSTEMPATH\Boot.php(363): CodeIgniter\CodeIgniter->run()
 8 SYSTEMPATH\Boot.php(68): CodeIgniter\Boot::runCodeIgniter(Object(CodeIgniter\CodeIgniter))
 9 FCPATH\index.php(59): CodeIgniter\Boot::bootWeb(Object(Config\Paths))
10 SYSTEMPATH\rewrite.php(44): require_once('C:\\laragon\\www\\Project Pweb2\\public\\index.php')
WARNING - 2025-12-19 03:50:18 --> [DEPRECATED] Passing lowercase HTTP method "post" is deprecated. Use uppercase HTTP method like "POST". in SYSTEMPATH\Router\RouteCollection.php on line 1026.
 1 SYSTEMPATH\Router\RouteCollection.php(1026): trigger_error('Passing lowercase HTTP method "post" is deprecated. Use uppercase HTTP method like "POST".', 16384)
 2 APPPATH\Config\Routes.php(15): CodeIgniter\Router\RouteCollection->match([...], 'login/auth', 'Login::auth')
 3 SYSTEMPATH\Router\RouteCollection.php(339): require('C:\\laragon\\www\\Project Pweb2\\app\\Config\\Routes.php')
 4 SYSTEMPATH\CodeIgniter.php(821): CodeIgniter\Router\RouteCollection->loadRoutes()
 5 SYSTEMPATH\CodeIgniter.php(455): CodeIgniter\CodeIgniter->tryToRouteIt(null)
 6 SYSTEMPATH\CodeIgniter.php(354): CodeIgniter\CodeIgniter->handleRequest(null, Object(Config\Cache), false)
 7 SYSTEMPATH\Boot.php(363): CodeIgniter\CodeIgniter->run()
 8 SYSTEMPATH\Boot.php(68): CodeIgniter\Boot::runCodeIgniter(Object(CodeIgniter\CodeIgniter))
 9 FCPATH\index.php(59): CodeIgniter\Boot::bootWeb(Object(Config\Paths))
10 SYSTEMPATH\rewrite.php(44): require_once('C:\\laragon\\www\\Project Pweb2\\public\\index.php')
DEBUG - 2025-12-19 03:50:18 --> Session: Class initialized using 'CodeIgniter\Session\Handlers\FileHandler' driver.
WARNING - 2025-12-19 03:51:11 --> [DEPRECATED] Passing lowercase HTTP method "get" is deprecated. Use uppercase HTTP method like "GET". in SYSTEMPATH\Router\RouteCollection.php on line 1026.
 1 SYSTEMPATH\Router\RouteCollection.php(1026): trigger_error('Passing lowercase HTTP method "get" is deprecated. Use uppercase HTTP method like "GET".', 16384)
 2 APPPATH\Config\Routes.php(15): CodeIgniter\Router\RouteCollection->match([...], 'login/auth', 'Login::auth')
 3 SYSTEMPATH\Router\RouteCollection.php(339): require('C:\\laragon\\www\\Project Pweb2\\app\\Config\\Routes.php')
 4 SYSTEMPATH\CodeIgniter.php(821): CodeIgniter\Router\RouteCollection->loadRoutes()
 5 SYSTEMPATH\CodeIgniter.php(455): CodeIgniter\CodeIgniter->tryToRouteIt(null)
 6 SYSTEMPATH\CodeIgniter.php(354): CodeIgniter\CodeIgniter->handleRequest(null, Object(Config\Cache), false)
 7 SYSTEMPATH\Boot.php(363): CodeIgniter\CodeIgniter->run()
 8 SYSTEMPATH\Boot.php(68): CodeIgniter\Boot::runCodeIgniter(Object(CodeIgniter\CodeIgniter))
 9 FCPATH\index.php(59): CodeIgniter\Boot::bootWeb(Object(Config\Paths))
10 SYSTEMPATH\rewrite.php(44): require_once('C:\\laragon\\www\\Project Pweb2\\public\\index.php')
WARNING - 2025-12-19 03:51:11 --> [DEPRECATED] Passing lowercase HTTP method "post" is deprecated. Use uppercase HTTP method like "POST". in SYSTEMPATH\Router\RouteCollection.php on line 1026.
 1 SYSTEMPATH\Router\RouteCollection.php(1026): trigger_error('Passing lowercase HTTP method "post" is deprecated. Use uppercase HTTP method like "POST".', 16384)
 2 APPPATH\Config\Routes.php(15): CodeIgniter\Router\RouteCollection->match([...], 'login/auth', 'Login::auth')
 3 SYSTEMPATH\Router\RouteCollection.php(339): require('C:\\laragon\\www\\Project Pweb2\\app\\Config\\Routes.php')
 4 SYSTEMPATH\CodeIgniter.php(821): CodeIgniter\Router\RouteCollection->loadRoutes()
 5 SYSTEMPATH\CodeIgniter.php(455): CodeIgniter\CodeIgniter->tryToRouteIt(null)
 6 SYSTEMPATH\CodeIgniter.php(354): CodeIgniter\CodeIgniter->handleRequest(null, Object(Config\Cache), false)
 7 SYSTEMPATH\Boot.php(363): CodeIgniter\CodeIgniter->run()
 8 SYSTEMPATH\Boot.php(68): CodeIgniter\Boot::runCodeIgniter(Object(CodeIgniter\CodeIgniter))
 9 FCPATH\index.php(59): CodeIgniter\Boot::bootWeb(Object(Config\Paths))
10 SYSTEMPATH\rewrite.php(44): require_once('C:\\laragon\\www\\Project Pweb2\\public\\index.php')
DEBUG - 2025-12-19 03:51:11 --> Session: Class initialized using 'CodeIgniter\Session\Handlers\FileHandler' driver.
WARNING - 2025-12-19 03:51:51 --> [DEPRECATED] Passing lowercase HTTP method "get" is deprecated. Use uppercase HTTP method like "GET". in SYSTEMPATH\Router\RouteCollection.php on line 1026.
 1 SYSTEMPATH\Router\RouteCollection.php(1026): trigger_error('Passing lowercase HTTP method "get" is deprecated. Use uppercase HTTP method like "GET".', 16384)
 2 APPPATH\Config\Routes.php(15): CodeIgniter\Router\RouteCollection->match([...], 'login/auth', 'Login::auth')
 3 SYSTEMPATH\Router\RouteCollection.php(339): require('C:\\laragon\\www\\Project Pweb2\\app\\Config\\Routes.php')
 4 SYSTEMPATH\CodeIgniter.php(821): CodeIgniter\Router\RouteCollection->loadRoutes()
 5 SYSTEMPATH\CodeIgniter.php(455): CodeIgniter\CodeIgniter->tryToRouteIt(null)
 6 SYSTEMPATH\CodeIgniter.php(354): CodeIgniter\CodeIgniter->handleRequest(null, Object(Config\Cache), false)
 7 SYSTEMPATH\Boot.php(363): CodeIgniter\CodeIgniter->run()
 8 SYSTEMPATH\Boot.php(68): CodeIgniter\Boot::runCodeIgniter(Object(CodeIgniter\CodeIgniter))
 9 FCPATH\index.php(59): CodeIgniter\Boot::bootWeb(Object(Config\Paths))
10 SYSTEMPATH\rewrite.php(44): require_once('C:\\laragon\\www\\Project Pweb2\\public\\index.php')
WARNING - 2025-12-19 03:51:51 --> [DEPRECATED] Passing lowercase HTTP method "post" is deprecated. Use uppercase HTTP method like "POST". in SYSTEMPATH\Router\RouteCollection.php on line 1026.
 1 SYSTEMPATH\Router\RouteCollection.php(1026): trigger_error('Passing lowercase HTTP method "post" is deprecated. Use uppercase HTTP method like "POST".', 16384)
 2 APPPATH\Config\Routes.php(15): CodeIgniter\Router\RouteCollection->match([...], 'login/auth', 'Login::auth')
 3 SYSTEMPATH\Router\RouteCollection.php(339): require('C:\\laragon\\www\\Project Pweb2\\app\\Config\\Routes.php')
 4 SYSTEMPATH\CodeIgniter.php(821): CodeIgniter\Router\RouteCollection->loadRoutes()
 5 SYSTEMPATH\CodeIgniter.php(455): CodeIgniter\CodeIgniter->tryToRouteIt(null)
 6 SYSTEMPATH\CodeIgniter.php(354): CodeIgniter\CodeIgniter->handleRequest(null, Object(Config\Cache), false)
 7 SYSTEMPATH\Boot.php(363): CodeIgniter\CodeIgniter->run()
 8 SYSTEMPATH\Boot.php(68): CodeIgniter\Boot::runCodeIgniter(Object(CodeIgniter\CodeIgniter))
 9 FCPATH\index.php(59): CodeIgniter\Boot::bootWeb(Object(Config\Paths))
10 SYSTEMPATH\rewrite.php(44): require_once('C:\\laragon\\www\\Project Pweb2\\public\\index.php')
DEBUG - 2025-12-19 03:51:51 --> Session: Class initialized using 'CodeIgniter\Session\Handlers\FileHandler' driver.
WARNING - 2025-12-19 03:51:53 --> [DEPRECATED] Passing lowercase HTTP method "get" is deprecated. Use uppercase HTTP method like "GET". in SYSTEMPATH\Router\RouteCollection.php on line 1026.
 1 SYSTEMPATH\Router\RouteCollection.php(1026): trigger_error('Passing lowercase HTTP method "get" is deprecated. Use uppercase HTTP method like "GET".', 16384)
 2 APPPATH\Config\Routes.php(15): CodeIgniter\Router\RouteCollection->match([...], 'login/auth', 'Login::auth')
 3 SYSTEMPATH\Router\RouteCollection.php(339): require('C:\\laragon\\www\\Project Pweb2\\app\\Config\\Routes.php')
 4 SYSTEMPATH\CodeIgniter.php(821): CodeIgniter\Router\RouteCollection->loadRoutes()
 5 SYSTEMPATH\CodeIgniter.php(455): CodeIgniter\CodeIgniter->tryToRouteIt(null)
 6 SYSTEMPATH\CodeIgniter.php(354): CodeIgniter\CodeIgniter->handleRequest(null, Object(Config\Cache), false)
 7 SYSTEMPATH\Boot.php(363): CodeIgniter\CodeIgniter->run()
 8 SYSTEMPATH\Boot.php(68): CodeIgniter\Boot::runCodeIgniter(Object(CodeIgniter\CodeIgniter))
 9 FCPATH\index.php(59): CodeIgniter\Boot::bootWeb(Object(Config\Paths))
10 SYSTEMPATH\rewrite.php(44): require_once('C:\\laragon\\www\\Project Pweb2\\public\\index.php')
WARNING - 2025-12-19 03:51:53 --> [DEPRECATED] Passing lowercase HTTP method "post" is deprecated. Use uppercase HTTP method like "POST". in SYSTEMPATH\Router\RouteCollection.php on line 1026.
 1 SYSTEMPATH\Router\RouteCollection.php(1026): trigger_error('Passing lowercase HTTP method "post" is deprecated. Use uppercase HTTP method like "POST".', 16384)
 2 APPPATH\Config\Routes.php(15): CodeIgniter\Router\RouteCollection->match([...], 'login/auth', 'Login::auth')
 3 SYSTEMPATH\Router\RouteCollection.php(339): require('C:\\laragon\\www\\Project Pweb2\\app\\Config\\Routes.php')
 4 SYSTEMPATH\CodeIgniter.php(821): CodeIgniter\Router\RouteCollection->loadRoutes()
 5 SYSTEMPATH\CodeIgniter.php(455): CodeIgniter\CodeIgniter->tryToRouteIt(null)
 6 SYSTEMPATH\CodeIgniter.php(354): CodeIgniter\CodeIgniter->handleRequest(null, Object(Config\Cache), false)
 7 SYSTEMPATH\Boot.php(363): CodeIgniter\CodeIgniter->run()
 8 SYSTEMPATH\Boot.php(68): CodeIgniter\Boot::runCodeIgniter(Object(CodeIgniter\CodeIgniter))
 9 FCPATH\index.php(59): CodeIgniter\Boot::bootWeb(Object(Config\Paths))
10 SYSTEMPATH\rewrite.php(44): require_once('C:\\laragon\\www\\Project Pweb2\\public\\index.php')
DEBUG - 2025-12-19 03:51:53 --> Session: Class initialized using 'CodeIgniter\Session\Handlers\FileHandler' driver.
WARNING - 2025-12-19 03:51:54 --> [DEPRECATED] Passing lowercase HTTP method "get" is deprecated. Use uppercase HTTP method like "GET". in SYSTEMPATH\Router\RouteCollection.php on line 1026.
 1 SYSTEMPATH\Router\RouteCollection.php(1026): trigger_error('Passing lowercase HTTP method "get" is deprecated. Use uppercase HTTP method like "GET".', 16384)
 2 APPPATH\Config\Routes.php(15): CodeIgniter\Router\RouteCollection->match([...], 'login/auth', 'Login::auth')
 3 SYSTEMPATH\Router\RouteCollection.php(339): require('C:\\laragon\\www\\Project Pweb2\\app\\Config\\Routes.php')
 4 SYSTEMPATH\CodeIgniter.php(821): CodeIgniter\Router\RouteCollection->loadRoutes()
 5 SYSTEMPATH\CodeIgniter.php(455): CodeIgniter\CodeIgniter->tryToRouteIt(null)
 6 SYSTEMPATH\CodeIgniter.php(354): CodeIgniter\CodeIgniter->handleRequest(null, Object(Config\Cache), false)
 7 SYSTEMPATH\Boot.php(363): CodeIgniter\CodeIgniter->run()
 8 SYSTEMPATH\Boot.php(68): CodeIgniter\Boot::runCodeIgniter(Object(CodeIgniter\CodeIgniter))
 9 FCPATH\index.php(59): CodeIgniter\Boot::bootWeb(Object(Config\Paths))
10 SYSTEMPATH\rewrite.php(44): require_once('C:\\laragon\\www\\Project Pweb2\\public\\index.php')
WARNING - 2025-12-19 03:51:54 --> [DEPRECATED] Passing lowercase HTTP method "post" is deprecated. Use uppercase HTTP method like "POST". in SYSTEMPATH\Router\RouteCollection.php on line 1026.
 1 SYSTEMPATH\Router\RouteCollection.php(1026): trigger_error('Passing lowercase HTTP method "post" is deprecated. Use uppercase HTTP method like "POST".', 16384)
 2 APPPATH\Config\Routes.php(15): CodeIgniter\Router\RouteCollection->match([...], 'login/auth', 'Login::auth')
 3 SYSTEMPATH\Router\RouteCollection.php(339): require('C:\\laragon\\www\\Project Pweb2\\app\\Config\\Routes.php')
 4 SYSTEMPATH\CodeIgniter.php(821): CodeIgniter\Router\RouteCollection->loadRoutes()
 5 SYSTEMPATH\CodeIgniter.php(455): CodeIgniter\CodeIgniter->tryToRouteIt(null)
 6 SYSTEMPATH\CodeIgniter.php(354): CodeIgniter\CodeIgniter->handleRequest(null, Object(Config\Cache), false)
 7 SYSTEMPATH\Boot.php(363): CodeIgniter\CodeIgniter->run()
 8 SYSTEMPATH\Boot.php(68): CodeIgniter\Boot::runCodeIgniter(Object(CodeIgniter\CodeIgniter))
 9 FCPATH\index.php(59): CodeIgniter\Boot::bootWeb(Object(Config\Paths))
10 SYSTEMPATH\rewrite.php(44): require_once('C:\\laragon\\www\\Project Pweb2\\public\\index.php')
DEBUG - 2025-12-19 03:51:54 --> Session: Class initialized using 'CodeIgniter\Session\Handlers\FileHandler' driver.
WARNING - 2025-12-19 03:51:56 --> [DEPRECATED] Passing lowercase HTTP method "get" is deprecated. Use uppercase HTTP method like "GET". in SYSTEMPATH\Router\RouteCollection.php on line 1026.
 1 SYSTEMPATH\Router\RouteCollection.php(1026): trigger_error('Passing lowercase HTTP method "get" is deprecated. Use uppercase HTTP method like "GET".', 16384)
 2 APPPATH\Config\Routes.php(15): CodeIgniter\Router\RouteCollection->match([...], 'login/auth', 'Login::auth')
 3 SYSTEMPATH\Router\RouteCollection.php(339): require('C:\\laragon\\www\\Project Pweb2\\app\\Config\\Routes.php')
 4 SYSTEMPATH\CodeIgniter.php(821): CodeIgniter\Router\RouteCollection->loadRoutes()
 5 SYSTEMPATH\CodeIgniter.php(455): CodeIgniter\CodeIgniter->tryToRouteIt(null)
 6 SYSTEMPATH\CodeIgniter.php(354): CodeIgniter\CodeIgniter->handleRequest(null, Object(Config\Cache), false)
 7 SYSTEMPATH\Boot.php(363): CodeIgniter\CodeIgniter->run()
 8 SYSTEMPATH\Boot.php(68): CodeIgniter\Boot::runCodeIgniter(Object(CodeIgniter\CodeIgniter))
 9 FCPATH\index.php(59): CodeIgniter\Boot::bootWeb(Object(Config\Paths))
10 SYSTEMPATH\rewrite.php(44): require_once('C:\\laragon\\www\\Project Pweb2\\public\\index.php')
WARNING - 2025-12-19 03:51:56 --> [DEPRECATED] Passing lowercase HTTP method "post" is deprecated. Use uppercase HTTP method like "POST". in SYSTEMPATH\Router\RouteCollection.php on line 1026.
 1 SYSTEMPATH\Router\RouteCollection.php(1026): trigger_error('Passing lowercase HTTP method "post" is deprecated. Use uppercase HTTP method like "POST".', 16384)
 2 APPPATH\Config\Routes.php(15): CodeIgniter\Router\RouteCollection->match([...], 'login/auth', 'Login::auth')
 3 SYSTEMPATH\Router\RouteCollection.php(339): require('C:\\laragon\\www\\Project Pweb2\\app\\Config\\Routes.php')
 4 SYSTEMPATH\CodeIgniter.php(821): CodeIgniter\Router\RouteCollection->loadRoutes()
 5 SYSTEMPATH\CodeIgniter.php(455): CodeIgniter\CodeIgniter->tryToRouteIt(null)
 6 SYSTEMPATH\CodeIgniter.php(354): CodeIgniter\CodeIgniter->handleRequest(null, Object(Config\Cache), false)
 7 SYSTEMPATH\Boot.php(363): CodeIgniter\CodeIgniter->run()
 8 SYSTEMPATH\Boot.php(68): CodeIgniter\Boot::runCodeIgniter(Object(CodeIgniter\CodeIgniter))
 9 FCPATH\index.php(59): CodeIgniter\Boot::bootWeb(Object(Config\Paths))
10 SYSTEMPATH\rewrite.php(44): require_once('C:\\laragon\\www\\Project Pweb2\\public\\index.php')
DEBUG - 2025-12-19 03:51:56 --> Session: Class initialized using 'CodeIgniter\Session\Handlers\FileHandler' driver.
WARNING - 2025-12-19 03:51:57 --> [DEPRECATED] Passing lowercase HTTP method "get" is deprecated. Use uppercase HTTP method like "GET". in SYSTEMPATH\Router\RouteCollection.php on line 1026.
 1 SYSTEMPATH\Router\RouteCollection.php(1026): trigger_error('Passing lowercase HTTP method "get" is deprecated. Use uppercase HTTP method like "GET".', 16384)
 2 APPPATH\Config\Routes.php(15): CodeIgniter\Router\RouteCollection->match([...], 'login/auth', 'Login::auth')
 3 SYSTEMPATH\Router\RouteCollection.php(339): require('C:\\laragon\\www\\Project Pweb2\\app\\Config\\Routes.php')
 4 SYSTEMPATH\CodeIgniter.php(821): CodeIgniter\Router\RouteCollection->loadRoutes()
 5 SYSTEMPATH\CodeIgniter.php(455): CodeIgniter\CodeIgniter->tryToRouteIt(null)
 6 SYSTEMPATH\CodeIgniter.php(354): CodeIgniter\CodeIgniter->handleRequest(null, Object(Config\Cache), false)
 7 SYSTEMPATH\Boot.php(363): CodeIgniter\CodeIgniter->run()
 8 SYSTEMPATH\Boot.php(68): CodeIgniter\Boot::runCodeIgniter(Object(CodeIgniter\CodeIgniter))
 9 FCPATH\index.php(59): CodeIgniter\Boot::bootWeb(Object(Config\Paths))
10 SYSTEMPATH\rewrite.php(44): require_once('C:\\laragon\\www\\Project Pweb2\\public\\index.php')
WARNING - 2025-12-19 03:51:57 --> [DEPRECATED] Passing lowercase HTTP method "post" is deprecated. Use uppercase HTTP method like "POST". in SYSTEMPATH\Router\RouteCollection.php on line 1026.
 1 SYSTEMPATH\Router\RouteCollection.php(1026): trigger_error('Passing lowercase HTTP method "post" is deprecated. Use uppercase HTTP method like "POST".', 16384)
 2 APPPATH\Config\Routes.php(15): CodeIgniter\Router\RouteCollection->match([...], 'login/auth', 'Login::auth')
 3 SYSTEMPATH\Router\RouteCollection.php(339): require('C:\\laragon\\www\\Project Pweb2\\app\\Config\\Routes.php')
 4 SYSTEMPATH\CodeIgniter.php(821): CodeIgniter\Router\RouteCollection->loadRoutes()
 5 SYSTEMPATH\CodeIgniter.php(455): CodeIgniter\CodeIgniter->tryToRouteIt(null)
 6 SYSTEMPATH\CodeIgniter.php(354): CodeIgniter\CodeIgniter->handleRequest(null, Object(Config\Cache), false)
 7 SYSTEMPATH\Boot.php(363): CodeIgniter\CodeIgniter->run()
 8 SYSTEMPATH\Boot.php(68): CodeIgniter\Boot::runCodeIgniter(Object(CodeIgniter\CodeIgniter))
 9 FCPATH\index.php(59): CodeIgniter\Boot::bootWeb(Object(Config\Paths))
10 SYSTEMPATH\rewrite.php(44): require_once('C:\\laragon\\www\\Project Pweb2\\public\\index.php')
DEBUG - 2025-12-19 03:51:57 --> Session: Class initialized using 'CodeIgniter\Session\Handlers\FileHandler' driver.
WARNING - 2025-12-19 03:51:58 --> [DEPRECATED] Passing lowercase HTTP method "get" is deprecated. Use uppercase HTTP method like "GET". in SYSTEMPATH\Router\RouteCollection.php on line 1026.
 1 SYSTEMPATH\Router\RouteCollection.php(1026): trigger_error('Passing lowercase HTTP method "get" is deprecated. Use uppercase HTTP method like "GET".', 16384)
 2 APPPATH\Config\Routes.php(15): CodeIgniter\Router\RouteCollection->match([...], 'login/auth', 'Login::auth')
 3 SYSTEMPATH\Router\RouteCollection.php(339): require('C:\\laragon\\www\\Project Pweb2\\app\\Config\\Routes.php')
 4 SYSTEMPATH\CodeIgniter.php(821): CodeIgniter\Router\RouteCollection->loadRoutes()
 5 SYSTEMPATH\CodeIgniter.php(455): CodeIgniter\CodeIgniter->tryToRouteIt(null)
 6 SYSTEMPATH\CodeIgniter.php(354): CodeIgniter\CodeIgniter->handleRequest(null, Object(Config\Cache), false)
 7 SYSTEMPATH\Boot.php(363): CodeIgniter\CodeIgniter->run()
 8 SYSTEMPATH\Boot.php(68): CodeIgniter\Boot::runCodeIgniter(Object(CodeIgniter\CodeIgniter))
 9 FCPATH\index.php(59): CodeIgniter\Boot::bootWeb(Object(Config\Paths))
10 SYSTEMPATH\rewrite.php(44): require_once('C:\\laragon\\www\\Project Pweb2\\public\\index.php')
WARNING - 2025-12-19 03:51:58 --> [DEPRECATED] Passing lowercase HTTP method "post" is deprecated. Use uppercase HTTP method like "POST". in SYSTEMPATH\Router\RouteCollection.php on line 1026.
 1 SYSTEMPATH\Router\RouteCollection.php(1026): trigger_error('Passing lowercase HTTP method "post" is deprecated. Use uppercase HTTP method like "POST".', 16384)
 2 APPPATH\Config\Routes.php(15): CodeIgniter\Router\RouteCollection->match([...], 'login/auth', 'Login::auth')
 3 SYSTEMPATH\Router\RouteCollection.php(339): require('C:\\laragon\\www\\Project Pweb2\\app\\Config\\Routes.php')
 4 SYSTEMPATH\CodeIgniter.php(821): CodeIgniter\Router\RouteCollection->loadRoutes()
 5 SYSTEMPATH\CodeIgniter.php(455): CodeIgniter\CodeIgniter->tryToRouteIt(null)
 6 SYSTEMPATH\CodeIgniter.php(354): CodeIgniter\CodeIgniter->handleRequest(null, Object(Config\Cache), false)
 7 SYSTEMPATH\Boot.php(363): CodeIgniter\CodeIgniter->run()
 8 SYSTEMPATH\Boot.php(68): CodeIgniter\Boot::runCodeIgniter(Object(CodeIgniter\CodeIgniter))
 9 FCPATH\index.php(59): CodeIgniter\Boot::bootWeb(Object(Config\Paths))
10 SYSTEMPATH\rewrite.php(44): require_once('C:\\laragon\\www\\Project Pweb2\\public\\index.php')
DEBUG - 2025-12-19 03:51:58 --> Session: Class initialized using 'CodeIgniter\Session\Handlers\FileHandler' driver.
WARNING - 2025-12-19 03:51:59 --> [DEPRECATED] Passing lowercase HTTP method "get" is deprecated. Use uppercase HTTP method like "GET". in SYSTEMPATH\Router\RouteCollection.php on line 1026.
 1 SYSTEMPATH\Router\RouteCollection.php(1026): trigger_error('Passing lowercase HTTP method "get" is deprecated. Use uppercase HTTP method like "GET".', 16384)
 2 APPPATH\Config\Routes.php(15): CodeIgniter\Router\RouteCollection->match([...], 'login/auth', 'Login::auth')
 3 SYSTEMPATH\Router\RouteCollection.php(339): require('C:\\laragon\\www\\Project Pweb2\\app\\Config\\Routes.php')
 4 SYSTEMPATH\CodeIgniter.php(821): CodeIgniter\Router\RouteCollection->loadRoutes()
 5 SYSTEMPATH\CodeIgniter.php(455): CodeIgniter\CodeIgniter->tryToRouteIt(null)
 6 SYSTEMPATH\CodeIgniter.php(354): CodeIgniter\CodeIgniter->handleRequest(null, Object(Config\Cache), false)
 7 SYSTEMPATH\Boot.php(363): CodeIgniter\CodeIgniter->run()
 8 SYSTEMPATH\Boot.php(68): CodeIgniter\Boot::runCodeIgniter(Object(CodeIgniter\CodeIgniter))
 9 FCPATH\index.php(59): CodeIgniter\Boot::bootWeb(Object(Config\Paths))
10 SYSTEMPATH\rewrite.php(44): require_once('C:\\laragon\\www\\Project Pweb2\\public\\index.php')
WARNING - 2025-12-19 03:51:59 --> [DEPRECATED] Passing lowercase HTTP method "post" is deprecated. Use uppercase HTTP method like "POST". in SYSTEMPATH\Router\RouteCollection.php on line 1026.
 1 SYSTEMPATH\Router\RouteCollection.php(1026): trigger_error('Passing lowercase HTTP method "post" is deprecated. Use uppercase HTTP method like "POST".', 16384)
 2 APPPATH\Config\Routes.php(15): CodeIgniter\Router\RouteCollection->match([...], 'login/auth', 'Login::auth')
 3 SYSTEMPATH\Router\RouteCollection.php(339): require('C:\\laragon\\www\\Project Pweb2\\app\\Config\\Routes.php')
 4 SYSTEMPATH\CodeIgniter.php(821): CodeIgniter\Router\RouteCollection->loadRoutes()
 5 SYSTEMPATH\CodeIgniter.php(455): CodeIgniter\CodeIgniter->tryToRouteIt(null)
 6 SYSTEMPATH\CodeIgniter.php(354): CodeIgniter\CodeIgniter->handleRequest(null, Object(Config\Cache), false)
 7 SYSTEMPATH\Boot.php(363): CodeIgniter\CodeIgniter->run()
 8 SYSTEMPATH\Boot.php(68): CodeIgniter\Boot::runCodeIgniter(Object(CodeIgniter\CodeIgniter))
 9 FCPATH\index.php(59): CodeIgniter\Boot::bootWeb(Object(Config\Paths))
10 SYSTEMPATH\rewrite.php(44): require_once('C:\\laragon\\www\\Project Pweb2\\public\\index.php')
DEBUG - 2025-12-19 03:51:59 --> Session: Class initialized using 'CodeIgniter\Session\Handlers\FileHandler' driver.
